CREATE DATABASE  IF NOT EXISTS `pyramid_schema` /*!40100 DEFAULT CHARACTER SET utf8 */;
USE `pyramid_schema`;
-- MySQL dump 10.13  Distrib 5.7.9, for Win64 (x86_64)
--
-- Host: localhost    Database: pyramid_schema
-- ------------------------------------------------------
-- Server version	5.6.29-log

/*!40101 SET @OLD_CHARACTER_SET_CLIENT=@@CHARACTER_SET_CLIENT */;
/*!40101 SET @OLD_CHARACTER_SET_RESULTS=@@CHARACTER_SET_RESULTS */;
/*!40101 SET @OLD_COLLATION_CONNECTION=@@COLLATION_CONNECTION */;
/*!40101 SET NAMES utf8 */;
/*!40103 SET @OLD_TIME_ZONE=@@TIME_ZONE */;
/*!40103 SET TIME_ZONE='+00:00' */;
/*!40014 SET @OLD_UNIQUE_CHECKS=@@UNIQUE_CHECKS, UNIQUE_CHECKS=0 */;
/*!40014 SET @OLD_FOREIGN_KEY_CHECKS=@@FOREIGN_KEY_CHECKS, FOREIGN_KEY_CHECKS=0 */;
/*!40101 SET @OLD_SQL_MODE=@@SQL_MODE, SQL_MODE='NO_AUTO_VALUE_ON_ZERO' */;
/*!40111 SET @OLD_SQL_NOTES=@@SQL_NOTES, SQL_NOTES=0 */;

--
-- Table structure for table `appconfig`
--

DROP TABLE IF EXISTS `appconfig`;
/*!40101 SET @saved_cs_client     = @@character_set_client */;
/*!40101 SET character_set_client = utf8 */;
CREATE TABLE `appconfig` (
  `APP_CONFIG_ID` int(11) NOT NULL,
  `APP_CONFIG_NAME` varchar(45) NOT NULL,
  `APP_CONFIG_VALUE` varchar(45) NOT NULL,
  PRIMARY KEY (`APP_CONFIG_ID`)
) ENGINE=InnoDB DEFAULT CHARSET=latin1;
/*!40101 SET character_set_client = @saved_cs_client */;

--
-- Dumping data for table `appconfig`
--

LOCK TABLES `appconfig` WRITE;
/*!40000 ALTER TABLE `appconfig` DISABLE KEYS */;
INSERT INTO `appconfig` VALUES (8,'NEW_STOCK','Test Config 1'),(9,'NEW_STOCK','Test Config 2'),(10,'NEW_STOCK','Test Config 3');
/*!40000 ALTER TABLE `appconfig` ENABLE KEYS */;
UNLOCK TABLES;

--
-- Table structure for table `employee`
--

DROP TABLE IF EXISTS `employee`;
/*!40101 SET @saved_cs_client     = @@character_set_client */;
/*!40101 SET character_set_client = utf8 */;
CREATE TABLE `employee` (
  `EMP_ID` int(10) unsigned NOT NULL AUTO_INCREMENT,
  `FIRST_NAME` varchar(50) NOT NULL,
  `LAST_NAME` varchar(50) NOT NULL,
  `EMAIL` varchar(50) DEFAULT NULL,
  `MOBILE` varchar(15) NOT NULL,
  `GENDER` varchar(1) NOT NULL,
  `ACTIVE` enum('A','I') DEFAULT 'A',
  `TYPE` enum('P','T') DEFAULT 'P',
  `JOIN_DATE` date NOT NULL,
  `LAST_DATE` date DEFAULT NULL,
  `ROLE_ID` int(3) unsigned NOT NULL,
  PRIMARY KEY (`EMP_ID`),
  UNIQUE KEY `EMP_ID_UNIQUE` (`EMP_ID`),
  KEY `emp_role_fk` (`ROLE_ID`),
  CONSTRAINT `emp_role_fk` FOREIGN KEY (`ROLE_ID`) REFERENCES `role` (`ROLE_ID`) ON DELETE NO ACTION ON UPDATE NO ACTION
) ENGINE=InnoDB AUTO_INCREMENT=46 DEFAULT CHARSET=latin1;
/*!40101 SET character_set_client = @saved_cs_client */;

--
-- Dumping data for table `employee`
--

LOCK TABLES `employee` WRITE;
/*!40000 ALTER TABLE `employee` DISABLE KEYS */;
INSERT INTO `employee` VALUES (1,'Gokul','Raghu','gokul@gokul.com','9980142381','M','A','T','2014-03-22',NULL,1),(2,'Rbp','BP','bpraghu@gmail.com','9980142381','M','A','P','2014-03-02',NULL,2),(7,'Gokul 2','BR','gbr@pappa.com','9980142381','M','A','P','2013-08-04',NULL,1),(8,'Gokul 2','BR','gbr@pappa.com','9980142381','M',NULL,'P','2013-07-04',NULL,1),(9,'Gokul 2','BR','gbr@pappa.com','9980142381','M',NULL,'P','2013-07-04',NULL,1),(10,'Gokul','BRqghu4','gbr@pappa.com','9980142381','M','A','P','2014-09-08',NULL,3),(11,'Bindhu','Ramesh','bo@pappa.com','9023532838','F','A','P','2014-01-01',NULL,3),(12,'Amit','Agrawal','Amit@pappa.com','7032633361','M',NULL,'P','2014-07-04',NULL,1),(13,'Manish','Aery','manish@pappa.com','16097200550','M',NULL,'P','2014-07-04',NULL,1),(14,'Suresh','13545','bpraghu@gmail.com','7033236937','F','A','T','2015-04-04',NULL,1),(15,'Raghu','bp','bpraghu@gmail.com','2113547','M',NULL,'P','2015-05-04',NULL,1),(16,'Raghu','bp','bpraghu@gmail.com','2113547','M',NULL,'P','2015-05-04',NULL,1),(17,'Bindhu','R','bpraghu@gmail.com','3532838','M',NULL,'P','2015-04-04',NULL,1),(18,'Bindhu','R','bpraghu@gmail.com','3532838','M',NULL,'P','2015-05-04',NULL,1),(19,'Bindhu','R','gbr@pappa.com','3532838','M',NULL,'P','2015-05-04',NULL,1),(20,'fdsfds','fsdfds','dfsd@gmail.com','9980142381','M',NULL,'P','2016-03-04',NULL,1),(21,'fdsfds','fsdfds','dfsd@gmail.com','9980142381','M',NULL,'P','2016-03-04',NULL,1),(22,'fdsfds','fsdfds','dfsd@gmail.com','9980142381','M',NULL,'P','2016-03-04',NULL,1),(23,'fdsfds','fsdfds','dfsd@gmail.com','9980142381','M',NULL,'P','2016-03-04',NULL,1),(24,'fdsfds','fsdfds','dfsd@gmail.com','9980142382','M',NULL,'P','2014-04-20',NULL,1),(25,'fdsfds','fsdfds','dfsd@gmail.com','9980142386','M',NULL,'P','2014-05-07',NULL,1),(26,'Raghu','bpraghu@gmail.com','bpraghu@gmail.com','42116547','M',NULL,'P','2014-07-13',NULL,1),(27,'Suresh','Nel','suresh@aciworldwide.com','6033236937','M',NULL,'P','2014-09-11',NULL,1),(28,'Raghu','bpraghu@gmail.com','bpraghu@gmail.com','42113547','F',NULL,'T','1977-09-24',NULL,2),(29,'Raghu','bpraghu@gmail.com','bpraghu@gmail.com','52113547','F',NULL,'T','2014-09-01',NULL,1),(30,'Namit','BR','bpraghu@gmail.com','9980142385','M',NULL,'P','2014-05-15',NULL,1),(31,'Gokul','Namit','bpraghu@gmail.com','9980142381','M',NULL,'P','2014-01-15',NULL,1),(32,'Raghu','NamitGok','bpraghu@gmail.com','9980142389','M',NULL,'P','2016-01-06',NULL,1),(33,'Raghu','NamitGok','bpraghu@gmail.com','9980142390','M',NULL,'P','2016-01-06',NULL,2),(34,'Raghu','NamitGok','bpraghu@gmail.com','9980142388','F',NULL,'T','2016-01-09',NULL,2),(35,'Saarthak','B RAJ','baala@gmail.com','9980142399','F',NULL,'T','2013-01-28',NULL,2),(36,'Raghu','NamitGok','baala2@gmail.com','9980142333','F',NULL,'T','2016-03-19',NULL,2),(37,'Raghu','Original','bpr.arr@gmail.com','9980212345','M',NULL,'P','1977-08-23',NULL,2),(38,'Manvitha','B RAj','manvitha@gmail.com','9901234567','F',NULL,'P','2006-02-13',NULL,2),(39,'Gauthaam','B Ravi','Gauthaam@gmail.com','9342585017','M',NULL,'P','2005-08-19',NULL,2),(40,'Raghu','Namit','bpraghu@gmail.com','9980142311','M',NULL,'P','2016-03-17',NULL,2),(41,'Raghu','NamitGok','bpraghu@gmail.com','9980442381','F',NULL,'T','2016-04-12',NULL,1),(42,'Shobha','Anandappa','shobha@gmail.com','9481807325','F','A','P','2016-04-09',NULL,2),(43,'Shobha A','NamitGok','shobha123@gmail.com','9481807324','F',NULL,'T','2016-04-11',NULL,2),(44,'Shobha A','Anandappa','bpraghu@gmail.com','9481807321','F',NULL,'T','2016-04-19',NULL,2),(45,'Raghy','dsfsd','bpraghu@gmail.com','9989142381','M','A','P','2016-05-08',NULL,3);
/*!40000 ALTER TABLE `employee` ENABLE KEYS */;
UNLOCK TABLES;

--
-- Table structure for table `item`
--

DROP TABLE IF EXISTS `item`;
/*!40101 SET @saved_cs_client     = @@character_set_client */;
/*!40101 SET character_set_client = utf8 */;
CREATE TABLE `item` (
  `ITEM_ID` int(3) NOT NULL AUTO_INCREMENT,
  `NAME` varchar(100) NOT NULL,
  `UNIT` varchar(2) DEFAULT NULL,
  `DATE_ADDED` date NOT NULL,
  PRIMARY KEY (`ITEM_ID`),
  UNIQUE KEY `ITEM_ID_UNIQUE` (`ITEM_ID`)
) ENGINE=InnoDB AUTO_INCREMENT=24 DEFAULT CHARSET=latin1;
/*!40101 SET character_set_client = @saved_cs_client */;

--
-- Dumping data for table `item`
--

LOCK TABLES `item` WRITE;
/*!40000 ALTER TABLE `item` DISABLE KEYS */;
INSERT INTO `item` VALUES (1,'Cement','Q','2016-03-26'),(2,'Locks','Q','2014-04-03'),(3,'Sand','C','2014-04-03'),(4,'Iron Load','W','2014-04-04'),(5,'Jaquar Taps','Q','2014-04-07'),(6,'iron','C','2014-04-27'),(7,'ssdd','Q','2014-05-07'),(8,'Wire 6 inch','Q','2014-05-16'),(9,'Wire 8 inch','Q','2014-05-16'),(10,'Jaquar Angle Cock','Q','2014-07-17'),(11,'Some New Crap','W','2016-02-12'),(12,'GokulItem','W','2016-03-21'),(13,'GokulItem 3','W','2016-03-21'),(14,'Cheeku Item','C','2016-03-22'),(15,'Cheeku Item 3','W','2016-03-24'),(16,'Cheeku Item 4','W','2016-05-10'),(17,'Jacquar taps','Q','2016-04-25'),(19,'Some New Item 2','QC','2016-05-31'),(22,'Some New Item','W','2016-05-31'),(23,'Rajyotsava Item','QC','2016-11-01');
/*!40000 ALTER TABLE `item` ENABLE KEYS */;
UNLOCK TABLES;

--
-- Table structure for table `menus`
--

DROP TABLE IF EXISTS `menus`;
/*!40101 SET @saved_cs_client     = @@character_set_client */;
/*!40101 SET character_set_client = utf8 */;
CREATE TABLE `menus` (
  `MENU_ID` int(11) NOT NULL AUTO_INCREMENT,
  `MENU_NAME` varchar(45) NOT NULL,
  `PARENT_MENU_ID` int(11) NOT NULL,
  `URL` varchar(150) DEFAULT NULL,
  `SORT_ORDER` int(11) NOT NULL,
  PRIMARY KEY (`MENU_ID`)
) ENGINE=InnoDB AUTO_INCREMENT=33 DEFAULT CHARSET=latin1;
/*!40101 SET character_set_client = @saved_cs_client */;

--
-- Dumping data for table `menus`
--

LOCK TABLES `menus` WRITE;
/*!40000 ALTER TABLE `menus` DISABLE KEYS */;
INSERT INTO `menus` VALUES (1,'Admin',0,'#',0),(2,'Stock',0,'#',0),(3,'Store',0,'#',0),(6,'Employee Add',1,'javascript:submitForm(\"jsf/emp\");',1),(7,'Item Add',1,'javascript:submitForm(\"jsf/item\");',5),(8,'New Stock',2,'javascript:submitForm(\"jsf/stock\");',0),(9,'Stock Disperse',2,'javascript:submitForm(\"jsf/disperse\");',0),(10,'Store View',3,'javascript:submitForm(\"jsf/storeList\");',0),(11,'Store Add',3,'javascript:submitForm(\"jsf/store\");',0),(12,'Supplier Add',1,'javascript:submitForm(\"jsf/supplier\");',3),(13,'Employee List',1,'javascript:submitForm(\"jsf/emplist\");',2),(14,'Supplier List',1,'javascript:submitForm(\"jsf/supplierList\")',4),(15,'Reports',0,'#',0),(17,'Items Report',15,'javascript:submitForm(\"jsf/reports/itemReport\");',0),(18,'Store Wise Stock Report',15,'javascript:submitForm(\"jsf/reports/storeReport\");',0),(20,'logout',0,'javascript:submitForm(\"jsf/logout\");',0),(21,'Item List',1,'javascript:submitForm(\"jsf/itemList\");',6),(22,'Change Password',1,'javascript:submitForm(\"jsf/changePassword\");',7),(23,'Menu Permission',1,'javascript:submitForm(\"jsf/permissionList\");',8),(24,'Daily Opening Balance Report',15,'javascript:submitForm(\"jsf/reports/openingBalance\");',0),(25,'Stock Update Report',15,'javascript:submitForm(\"jsf/reports/stockUpdateReport\");',0),(26,'Edit Transaction',1,'javascript:submitForm(\"jsf/transactionList\");',0),(27,'Transfer Stock',28,'javascript:submitForm(\"jsf/transfer\");',0),(28,'Transfer',0,'#',0),(29,'Receive Stock',28,'javascript:submitForm(\"jsf/transferReceive\");',0),(30,'Transfer Edit',28,'javascript:submitForm(\"jsf/transferList\");',0),(31,'Transfer From Store Report',15,'javascript:submitForm(\"jsf/reports/transferFromReport\");',0),(32,'Transfer To Store Report',15,'javascript:submitForm(\"jsf/reports/transferReceivedReport\");',0);
/*!40000 ALTER TABLE `menus` ENABLE KEYS */;
UNLOCK TABLES;

--
-- Table structure for table `permission`
--

DROP TABLE IF EXISTS `permission`;
/*!40101 SET @saved_cs_client     = @@character_set_client */;
/*!40101 SET character_set_client = utf8 */;
CREATE TABLE `permission` (
  `ID` int(11) NOT NULL AUTO_INCREMENT,
  `ROLE_ID` int(3) unsigned NOT NULL,
  `MENU_ID` int(11) NOT NULL,
  PRIMARY KEY (`ID`),
  KEY `perm_role_fk_idx` (`ROLE_ID`),
  KEY `perm_menu_fk_idx` (`MENU_ID`)
) ENGINE=InnoDB AUTO_INCREMENT=69 DEFAULT CHARSET=latin1;
/*!40101 SET character_set_client = @saved_cs_client */;

--
-- Dumping data for table `permission`
--

LOCK TABLES `permission` WRITE;
/*!40000 ALTER TABLE `permission` DISABLE KEYS */;
INSERT INTO `permission` VALUES (1,1,1),(3,1,2),(4,1,3),(5,1,4),(6,1,5),(7,1,6),(8,1,7),(9,1,8),(10,1,9),(11,1,10),(12,1,11),(13,2,2),(14,2,8),(17,1,15),(18,1,12),(19,1,13),(20,1,14),(21,1,17),(22,1,19),(23,1,20),(24,1,21),(25,1,22),(26,1,18),(27,1,23),(28,2,9),(35,2,1),(36,0,1),(40,2,10),(42,2,12),(46,2,20),(47,2,21),(48,2,15),(49,2,17),(50,3,20),(51,3,15),(52,3,17),(53,3,18),(54,3,1),(55,3,13),(56,1,24),(57,1,25),(58,1,26),(59,2,27),(60,1,27),(61,1,28),(62,1,29),(63,2,28),(64,2,29),(65,2,26),(66,1,30),(67,1,31),(68,1,32);
/*!40000 ALTER TABLE `permission` ENABLE KEYS */;
UNLOCK TABLES;

--
-- Table structure for table `role`
--

DROP TABLE IF EXISTS `role`;
/*!40101 SET @saved_cs_client     = @@character_set_client */;
/*!40101 SET character_set_client = utf8 */;
CREATE TABLE `role` (
  `ROLE_ID` int(3) unsigned NOT NULL AUTO_INCREMENT,
  `ROLE_NAME` varchar(45) NOT NULL,
  `DESCRIPTION` varchar(100) NOT NULL,
  `READ` enum('0','1') NOT NULL,
  `WRITE` enum('0','1') NOT NULL,
  `MODIFY` enum('0','1') NOT NULL,
  `DELETE` enum('0','1') NOT NULL,
  `DATE_ADDED` date DEFAULT NULL,
  PRIMARY KEY (`ROLE_ID`)
) ENGINE=InnoDB AUTO_INCREMENT=4 DEFAULT CHARSET=latin1;
/*!40101 SET character_set_client = @saved_cs_client */;

--
-- Dumping data for table `role`
--

LOCK TABLES `role` WRITE;
/*!40000 ALTER TABLE `role` DISABLE KEYS */;
INSERT INTO `role` VALUES (1,'ADMIN','Administrator','1','1','1','1','2014-02-22'),(2,'SITE_MANAGER','Person who maintains stock at the site','1','1','1','1','2014-06-06'),(3,'BOSS','Company Owners','1','1','1','1',NULL);
/*!40000 ALTER TABLE `role` ENABLE KEYS */;
UNLOCK TABLES;

--
-- Table structure for table `sessionmap`
--

DROP TABLE IF EXISTS `sessionmap`;
/*!40101 SET @saved_cs_client     = @@character_set_client */;
/*!40101 SET character_set_client = utf8 */;
CREATE TABLE `sessionmap` (
  `ID` int(11) NOT NULL AUTO_INCREMENT,
  `CLIENT_KEY` varchar(50) NOT NULL,
  `LOGGED_IN` datetime NOT NULL,
  `LAST_ACCESSED` datetime DEFAULT NULL,
  `LOGGED_OUT` datetime DEFAULT NULL,
  `USER_NAME` varchar(45) NOT NULL,
  `ACTIVE` int(1) unsigned DEFAULT NULL,
  PRIMARY KEY (`ID`)
) ENGINE=InnoDB AUTO_INCREMENT=479 DEFAULT CHARSET=latin1;
/*!40101 SET character_set_client = @saved_cs_client */;

--
-- Dumping data for table `sessionmap`
--

LOCK TABLES `sessionmap` WRITE;
/*!40000 ALTER TABLE `sessionmap` DISABLE KEYS */;
INSERT INTO `sessionmap` VALUES (1,'BF899BFCB1BE4F4C7040EE1516052FF8','2016-05-17 23:13:11','2016-05-17 23:15:03','2016-05-17 23:15:03','GBR',2),(2,'6958560AE7ED3F155ACD4F3B6989BCB2','2016-05-17 23:15:07','2016-05-17 23:21:38','2016-05-17 23:21:38','GBR',2),(3,'85A60E9B55779A556E4F61709AAF467A','2016-05-17 23:25:17','2016-05-17 23:25:26',NULL,'GBR',1),(4,'F37DD11AFAE413FE6520732FFD21BEB8','2016-05-17 23:27:19','2016-05-17 23:33:30','2016-05-17 23:33:30','GBR',2),(5,'2D6EF7455107A0A1401FF6702D264668','2016-05-17 23:33:34','2016-05-17 23:34:05','2016-05-17 23:34:05','GBR',2),(6,'DB0A200415E6DE00648FC2391AE6701A','2016-05-17 23:34:09','2016-05-17 23:34:35','2016-05-17 23:34:35','GBR',2),(7,'1686BC689B3E5F05AE9160E5EA6683EB','2016-05-17 23:34:39','2016-05-17 23:35:24','2016-05-17 23:35:24','GBR',2),(8,'F69DFCB4D60E0B53D539E0672E0E9971','2016-05-17 23:35:28','2016-05-17 23:43:14',NULL,'GBR',1),(9,'D45E21BBCE7F53DBC2F45C939F1DD6F4','2016-05-18 19:12:19','2016-05-18 19:13:37','2016-05-18 19:13:37','GBR',2),(10,'895DCC9C99C9B94F4AD642E03CF700B2','2016-05-18 19:13:40','2016-05-18 19:15:52','2016-05-18 19:15:52','GBR',2),(11,'1709EE1469B419F9DFDE3E8D14DC760E','2016-05-18 19:15:56','2016-05-18 19:17:54','2016-05-18 19:17:54','GBR',2),(12,'3D6BB91C8C7543F6E9E26595C33386AA','2016-05-18 19:17:58','2016-05-18 19:19:38','2016-05-18 19:19:38','GBR',2),(13,'84583726BD2EED809A9CE1914B964397','2016-05-18 19:19:50','2016-05-18 19:21:35','2016-05-18 19:21:35','GBR',2),(14,'94D88791D76FFDB55439564A26FB0586','2016-05-18 19:21:43','2016-05-18 19:24:27','2016-05-18 19:24:27','GBR',2),(15,'842253A9970323A40733DCDC4AD0FF68','2016-05-18 19:24:37','2016-05-18 19:30:24',NULL,'GBR',1),(16,'5450CF123C5C701E036F46BEFA2CB8E6','2016-05-18 19:37:35','2016-05-18 19:43:37',NULL,'GBR',1),(17,'5B12B1CCF1790AC84AB854D0A292A94D','2016-05-18 19:47:30','2016-05-18 19:49:36','2016-05-18 19:49:36','GBR',2),(18,'853E365B8A4FA9BE4D5BAD773010FD52','2016-05-18 19:49:40','2016-05-18 19:51:07','2016-05-18 19:51:07','GBR',2),(19,'4276B54C6063F8DE26232C38217A9FBA','2016-05-18 19:51:11','2016-05-18 19:59:28',NULL,'GBR',1),(20,'464B85210E3A31F127FE9D015792349E','2016-05-18 20:03:28','2016-05-18 20:03:47',NULL,'GBR',1),(21,'2B49748A8AE8F45DC4B7131D829DF442','2016-05-18 20:05:54','2016-05-18 20:06:19','2016-05-18 20:06:19','GBR',2),(22,'3C54D34AAA489D112F7ED9F1D67D8E76','2016-05-18 20:06:23','2016-05-18 20:09:03',NULL,'GBR',1),(23,'888817415E94BAE256EB7D155EDDC4CD','2016-05-18 20:09:57','2016-05-18 20:10:08',NULL,'GBR',1),(24,'61CBDDB2FE789520B93F11232CE3B54C','2016-05-18 20:10:49','2016-05-18 20:12:32',NULL,'GBR',1),(25,'CDE3973914C0EF043DD1BBE129B29B6E','2016-05-18 22:12:19','2016-05-18 22:12:37',NULL,'GBR',1),(26,'8AF357AF7C5E52697CDC426A7DFDF7A4','2016-05-18 22:15:48','2016-05-18 22:20:20',NULL,'GBR',1),(27,'D27928366FA291119F45F62CF821A63F','2016-05-18 22:27:13','2016-05-18 22:28:27',NULL,'GBR',1),(28,'43C6919167807CE85BFC5ED03521F398','2016-05-18 23:20:55','2016-05-18 23:27:52',NULL,'GBR',1),(29,'5A5A9B7FCDA3E1A45FC6F486B7DCD965','2016-05-19 00:16:32','2016-05-19 00:23:33','2016-05-19 00:23:33','GBR',2),(30,'3619C09CD81A09587D8A35F2898D9B02','2016-05-19 00:23:39','2016-05-19 00:23:51','2016-05-19 00:23:51','rbp',2),(31,'58CBB9A006176F621BDEFC470CA38C72','2016-05-19 00:23:57','2016-05-19 00:24:32','2016-05-19 00:24:32','GBR',2),(32,'AF9CB13A03895D00E97379701C6C61ED','2016-05-19 00:24:38','2016-05-19 00:25:03','2016-05-19 00:25:03','rbp',2),(33,'CD5966FB460214A1C5260CC93CFE4F2F','2016-05-19 00:25:08','2016-05-19 00:25:59','2016-05-19 00:25:59','GBR',2),(34,'D3422667C6F3F1F01996752FC8E0C222','2016-05-19 00:26:05','2016-05-19 00:26:12','2016-05-19 00:26:12','rbp',2),(35,'402675E28BEAB326B651298826F72945','2016-05-19 18:51:05','2016-05-19 18:51:09','2016-05-19 18:51:09','GBR',2),(36,'69BFCACB05B93EF73FA3562E6CA11543','2016-05-19 18:52:15','2016-05-19 18:52:20','2016-05-19 18:52:20','GBR',2),(37,'B4A8677F66F3D22A0ED3699DDF63D30D','2016-05-19 18:55:48','2016-05-19 18:55:52','2016-05-19 18:55:52','GBR',2),(38,'9FBA6E5A788FE56D4D858B00BA1E154A','2016-05-19 18:56:17','2016-05-19 19:19:28',NULL,'GBR',1),(39,'56B680A5786EF5C8881A61E715ED13B8','2016-05-19 19:36:27','2016-05-19 20:21:16','2016-05-19 20:21:16','GBR',2),(40,'20B1DE5E3882509BA15FD269A32D6AF5','2016-05-19 20:21:30','2016-05-19 20:21:40','2016-05-19 20:21:40','rbp',2),(41,'8CADF797E452C5D32CEC90CC1718CDF6','2016-05-19 20:21:45','2016-05-19 20:22:01','2016-05-19 20:22:01','GBR',2),(42,'8CADF797E452C5D32CEC90CC1718CDF6','2016-05-19 20:22:08','2016-05-19 20:22:21','2016-05-19 20:22:21','rbp',2),(43,'8CADF797E452C5D32CEC90CC1718CDF6','2016-05-19 21:32:35','2016-05-19 21:39:05','2016-05-19 21:39:05','GBR',2),(44,'1D8C6BCDF92759E9EE86A39AAC8F4906','2016-05-19 22:00:21','2016-05-19 22:03:45','2016-05-19 22:03:45','GBR',2),(45,'1EF73DA24375D8856C0442B2743A5DDD','2016-05-19 22:04:04','2016-05-19 22:04:18','2016-05-19 22:04:18','GBR',2),(46,'3E4A576F1453A5A00BC4177FC7D73F9F','2016-05-19 22:04:30','2016-05-19 22:11:24','2016-05-19 22:11:24','GBR',2),(47,'3E4A576F1453A5A00BC4177FC7D73F9F','2016-05-19 22:11:29','2016-05-19 22:11:29',NULL,'GBR',1),(48,'3E4A576F1453A5A00BC4177FC7D73F9F','2016-05-19 22:14:30','2016-05-19 22:14:30',NULL,'GBR',1),(49,'3E4A576F1453A5A00BC4177FC7D73F9F','2016-05-19 22:17:32','2016-05-19 22:17:32',NULL,'GBR',1),(50,'1C1C6093E52214D80435497C1E414731','2016-05-19 22:33:39','2016-05-19 22:35:57','2016-05-19 22:35:57','GBR',2),(51,'D64662E452005440DF2716D346F6CDA5','2016-05-22 19:16:32','2016-05-22 19:17:31',NULL,'GBR',1),(52,'125FDFCAB15001791D61D74087489864','2016-05-22 19:20:15','2016-05-22 19:25:03',NULL,'GBR',1),(53,'A178C5F03A40EB9A189775CCC8481238','2016-05-22 19:27:18','2016-05-22 19:28:21',NULL,'GBR',1),(54,'4BB6EA61669B0D895E63BB8F7A82A7C2','2016-05-22 19:31:30','2016-05-22 19:31:48',NULL,'GBR',1),(55,'D67B9147FE0923FF1F6A20D4EAA0533B','2016-05-22 19:35:10','2016-05-22 19:41:59',NULL,'GBR',1),(56,'4FF31754C4C83E812C2949E848EB9949','2016-05-22 19:45:15','2016-05-22 19:47:31',NULL,'GBR',1),(57,'A463DF69AE3114A4CF9F2C4E9324AAE6','2016-05-22 19:52:14','2016-05-22 19:53:45',NULL,'GBR',1),(58,'A138D6E712B3E071ADCF0D4629E6482A','2016-05-22 20:02:19','2016-05-22 20:02:41',NULL,'GBR',1),(59,'2D88234F03B004E4856EE246F9EF356B','2016-05-22 20:03:16','2016-05-22 20:03:16',NULL,'GBR',1),(60,'1906E84F626C8556CD31271DE927828A','2016-05-22 20:03:25','2016-05-22 20:03:50','2016-05-22 20:03:50','GBR',2),(61,'403EE9C6BEC337A8BF3283718159F06B','2016-05-26 18:54:51','2016-05-26 18:56:40',NULL,'GBR',1),(62,'1F04F02449FCC310BC82311552364CE8','2016-05-26 19:34:32','2016-05-26 19:35:29','2016-05-26 19:35:29','GBR',2),(63,'FF6AC15AD55642C0E5473CD14D3DD62A','2016-05-26 19:35:43','2016-05-26 19:35:54','2016-05-26 19:35:54','bindhu',2),(64,'BCDB5F2CE58FDF9972AA58E17FFBC09A','2016-05-26 19:35:59','2016-05-26 19:36:14','2016-05-26 19:36:14','GBR',2),(65,'45DB73C53ED11C469B697781D89079F7','2016-05-26 19:36:20','2016-05-26 19:36:22','2016-05-26 19:36:22','bindhu',2),(66,'C2185834A75A6D29097B853CCBCE48D4','2016-05-26 19:36:28','2016-05-26 19:36:50','2016-05-26 19:36:50','GBR',2),(67,'7484C18E59B3E2E753C4B04EB6EC1A7E','2016-05-26 19:36:56','2016-05-26 19:37:35',NULL,'bindhu',1),(68,'B1990AE9260F944B023C143BAD0920B3','2016-05-26 19:51:58','2016-05-26 19:52:18',NULL,'GBR',1),(69,'0641EC77A935E360C45C8D3EE164B50C','2016-05-26 19:56:46','2016-05-26 19:56:58','2016-05-26 19:56:58','GBR',2),(70,'83AA25A78F6F84EEDE38DF7C91195418','2016-05-26 19:57:01','2016-05-26 19:57:25','2016-05-26 19:57:25','GBR',2),(71,'CA35D5D5D869A8AFDA6316D10E0F1BC2','2016-05-26 19:57:33','2016-05-26 19:57:33',NULL,'GBR',1),(72,'F816F10CCCAC734EFC2EC11B7C1013C4','2016-05-26 20:05:05','2016-05-26 20:08:36',NULL,'GBR',1),(73,'0914C4D756300BEB4FEAD99A57F6E81E','2016-05-26 20:06:10','2016-05-26 20:08:17',NULL,'GBR',1),(74,'F99CFDC56A78A7994C782B3B20871775','2016-05-26 20:13:11','2016-05-26 20:14:28',NULL,'GBR',1),(75,'722859965927984338A8113C0293E121','2016-05-26 20:15:03','2016-05-26 20:15:47',NULL,'GBR',1),(76,'2164A337E2586603DECB070EF8991017','2016-05-28 12:23:04','2016-05-28 12:30:59','2016-05-28 12:30:59','GBR',2),(77,'DACE72FF9E76C833D7DD4E02AB720318','2016-05-28 12:31:09','2016-05-28 12:36:55','2016-05-28 12:36:55','gokul1',2),(78,'C3AAE778EDE51C2F8C0BCA403C7C61CD','2016-05-28 12:37:08','2016-05-28 12:37:19','2016-05-28 12:37:19','GBR',2),(79,'F1D103FA95567D9B558897CFCA1039C3','2016-05-28 12:39:17','2016-05-28 12:43:28','2016-05-28 12:43:28','GBR',2),(80,'FF2950F05B8324EF1C93474F7FDD2695','2016-05-28 12:45:41','2016-05-28 13:08:26','2016-05-28 13:08:26','GBR',2),(81,'B062A11E056321E469D5758A7624C39A','2016-05-28 13:05:28','2016-05-28 13:05:59','2016-05-28 13:05:59','GBR',2),(82,'B68E2BC7A0F88CCC1CD6BB9263F580B3','2016-05-28 13:08:34','2016-05-28 13:09:39','2016-05-28 13:09:39','gokul1',2),(83,'29DF0C44D2D85CB0C3D29FE4E614FDA9','2016-05-28 13:09:40','2016-05-28 13:10:34','2016-05-28 13:10:34','GBR',2),(84,'628EFEC573B272B57D9B9E498F942820','2016-05-28 13:10:41','2016-05-28 13:12:02','2016-05-28 13:12:02','gokul1',2),(85,'1122F53C4B394CDCD11CA67BBF0B0810','2016-05-28 13:12:04','2016-05-28 13:12:55','2016-05-28 13:12:55','GBR',2),(86,'F544F0B99AEC4F05C771FA09CECD0047','2016-05-28 13:12:57','2016-05-28 14:09:28','2016-05-28 14:09:28','GBR',2),(87,'896104A77161693265BD2CB1A738BEB4','2016-05-28 14:15:28','2016-05-28 14:18:50',NULL,'GBR',1),(88,'D134DEE3394E2E6833F08EB40B7128C3','2016-05-28 17:59:42','2016-05-28 18:01:46','2016-05-28 18:01:46','GBR',2),(89,'CC8C439BF0457FCD87D7FB358002C83D','2016-05-28 18:02:03','2016-05-28 18:15:13',NULL,'GBR',1),(90,'80374AD49092597D2578D118A162A91F','2016-05-28 18:31:23','2016-05-28 18:34:55',NULL,'GBR',1),(91,'FD29713B3D190E1A3C935B0CE58E214B','2016-05-28 18:49:45','2016-05-28 18:50:20',NULL,'GBR',1),(92,'BC8EB0A40247EFDDAD7C6CD14B133E51','2016-05-28 21:45:47','2016-05-28 21:45:51',NULL,'GBR',1),(93,'855C573E812110CBCBCBA53E16D04763','2016-05-28 22:03:19','2016-05-28 22:04:07',NULL,'GBR',1),(94,'043FE1D3E377BA249E5365BED7151F9A','2016-05-28 22:12:17','2016-05-28 22:17:19',NULL,'GBR',1),(95,'8268FCB64CFB23311E46CA2A5C6D4566','2016-05-28 22:30:19','2016-05-28 22:30:33',NULL,'GBR',1),(96,'103F835C19735A1E08A40E41DFE97EBE','2016-05-28 22:31:22','2016-05-28 22:49:16',NULL,'GBR',1),(97,'E6F5039CF6ED468B3F2753E1367F4CC1','2016-05-28 22:49:40','2016-05-28 22:52:54','2016-05-28 22:52:54','GBR',2),(98,'2F9B6A789B1DDA617FF35B1E5129B0B5','2016-05-29 10:21:52','2016-05-29 10:34:26','2016-05-29 10:34:26','GBR',2),(99,'1093E5B3067E99DDD17614912FC4C5F0','2016-05-29 10:34:27','2016-05-29 10:34:31','2016-05-29 10:34:31','GBR',2),(100,'90FCA1A9071124FEAD3B2ED648EF88F6','2016-05-29 10:34:38','2016-05-29 10:38:18','2016-05-29 10:38:18','GBR',2),(101,'AEB12BC8F7E3EC2410524741A9F2CFF1','2016-05-29 10:38:19','2016-05-29 10:38:21',NULL,'GBR',1),(102,'F96CD0DEC658F9D5FB3B10699FEECDE2','2016-05-29 11:04:40','2016-05-29 11:04:59','2016-05-29 11:04:59','GBR',2),(103,'4079639EC9B6048CF7F47B38A71C65D1','2016-05-29 11:05:01','2016-05-29 11:05:11',NULL,'GBR',1),(104,'D3040722F6905098421682808D8C38FC','2016-05-29 11:05:49','2016-05-29 11:11:28','2016-05-29 11:11:28','GBR',2),(105,'170FB3FFD51BCF7845062E7B9264D518','2016-05-29 11:11:30','2016-05-29 11:12:22','2016-05-29 11:12:22','GBR',2),(106,'8D7DCB820FEB16F31C72FA4CB5FD3AFD','2016-05-29 11:12:23','2016-05-29 11:12:53',NULL,'GBR',1),(107,'611A51C35D07D4DBA40315E039DE3E1E','2016-05-29 11:13:46','2016-05-29 11:14:02',NULL,'GBR',1),(108,'D4CE76E3BB687CE3D0A3FCB6E2B4E072','2016-05-29 11:14:48','2016-05-29 11:15:05',NULL,'GBR',1),(109,'FC9B015D75F0FCEE27869B49C4E50597','2016-05-29 11:36:54','2016-05-29 11:38:06',NULL,'GBR',1),(110,'3EADF4AF7FAB43546610805364D525F3','2016-05-29 11:38:54','2016-05-29 11:42:20',NULL,'GBR',1),(111,'7A8DA0C1553EB0F59615C2D4D8EE7B1C','2016-05-29 11:43:14','2016-05-29 11:49:05','2016-05-29 11:49:05','GBR',2),(112,'7FF33DBFC124B00805987FF35C9DDEBB','2016-05-29 11:49:09','2016-05-29 11:49:11','2016-05-29 11:49:11','GBR',2),(113,'7255677CF401FB3DA62C7DF669337176','2016-05-29 11:49:22','2016-05-29 11:49:25',NULL,'GBR',1),(114,'AF972F5D277F5F7657DF214EF742E6BD','2016-05-29 11:58:09','2016-05-29 12:00:23',NULL,'GBR',1),(115,'0C153F956CCF8981D617A7BC75299F76','2016-05-29 12:12:08','2016-05-29 12:12:32',NULL,'GBR',1),(116,'0CE8B6ED27FF460A71149769559F941B','2016-05-29 12:13:10','2016-05-29 12:13:49','2016-05-29 12:13:49','GBR',2),(117,'B90FB843B85D91EF291B55EFC752B201','2016-05-29 12:13:51','2016-05-29 12:22:24',NULL,'GBR',1),(118,'627145F72D17C483AF8F35265405B747','2016-05-29 12:25:20','2016-05-29 12:25:43',NULL,'GBR',1),(119,'31DC8944242255603483A3E238127964','2016-05-29 12:29:22','2016-05-29 12:29:47','2016-05-29 12:29:47','GBR',2),(120,'59CD0D4F3E645B95EE08A695068B1C6A','2016-05-29 12:29:48','2016-05-29 12:30:17','2016-05-29 12:30:17','GBR',2),(121,'EAA4E3C365A4684C5AA6873D969C06BE','2016-05-29 12:32:18','2016-05-29 12:32:22','2016-05-29 12:32:22','GBR',2),(122,'8A0690636846C438219029BF7AF7185F','2016-05-29 12:32:31','2016-05-29 12:32:42','2016-05-29 12:32:42','gokul1',2),(123,'D616A3F105A878DE4057FDD054364591','2016-05-29 12:32:43','2016-05-29 12:40:57',NULL,'GBR',1),(124,'4FEC9274FD0BD54B98B870358D4BAB8E','2016-05-31 18:59:22','2016-05-31 19:01:56',NULL,'GBR',1),(125,'AAF8D411CCA612FB22C8728E0CEE41E0','2016-05-31 19:05:44','2016-05-31 19:07:26',NULL,'GBR',1),(126,'8BCB18E0C72094C376FCEE9B1305F121','2016-05-31 19:10:36','2016-05-31 19:10:47',NULL,'GBR',1),(127,'25C2E66952EC8AB3EBCF24B453EC664B','2016-05-31 19:16:27','2016-05-31 19:20:28',NULL,'GBR',1),(128,'6A5536F4947FE8589D06296B66207E3C','2016-05-31 19:21:11','2016-05-31 19:29:41',NULL,'GBR',1),(129,'B0817E15C5301C52EE2E7BCE9249795A','2016-05-31 19:44:08','2016-05-31 19:44:55',NULL,'GBR',1),(130,'B6EEBA2240607B31C9081B08507DB9AD','2016-05-31 19:48:07','2016-05-31 19:52:21',NULL,'GBR',1),(131,'B9B2501A3A7AF8A3143D43B23753A320','2016-05-31 20:21:22','2016-05-31 20:21:31',NULL,'GBR',1),(132,'20DD55882C4233D8F2DFB4A4DD0CC085','2016-05-31 22:25:37','2016-05-31 22:25:43',NULL,'GBR',1),(133,'32B696E9EED2A91287977A866E2B1392','2016-05-31 22:33:49','2016-05-31 22:37:30',NULL,'GBR',1),(134,'995CD4A61A76772E3A5CF86F083B394A','2016-06-01 19:40:17','2016-06-01 19:40:42',NULL,'GBR',1),(135,'26690282BBE7729A691E6B6C7A861BE1','2016-06-01 19:47:41','2016-06-01 19:55:37','2016-06-01 19:55:37','GBR',2),(136,'73DEEFB9BC7EBACE273FABFBAE48B920','2016-06-01 19:55:38','2016-06-01 19:55:47','2016-06-01 19:55:47','GBR',2),(137,'671334A2E18EBAFE66955323AEB9FD01','2016-06-01 20:05:47','2016-06-01 20:05:59',NULL,'GBR',1),(138,'841C749E0C968CA4294B2FDDA25734DF','2016-06-01 21:47:52','2016-06-01 21:57:15',NULL,'GBR',1),(139,'6A55E93DB78F5786FBABB8C05E2FD888','2016-06-01 22:16:57','2016-06-01 22:18:04',NULL,'GBR',1),(140,'6021C31FB330727D1E4DF0F75C172B42','2016-06-01 22:19:05','2016-06-01 22:22:20',NULL,'GBR',1),(141,'D630198DFF881C809F092F5F8362D1B9','2016-06-01 22:24:36','2016-06-01 22:29:44',NULL,'GBR',1),(142,'F991C67B7B77E661C1788905599D8939','2016-06-01 22:32:45','2016-06-01 22:36:36',NULL,'GBR',1),(143,'E28CAB475F3A9194E8F6A4B2B7C23024','2016-06-01 22:41:53','2016-06-01 22:48:40',NULL,'GBR',1),(144,'1CDA78E4F592E22BB91D05FEB79E9E53','2016-06-01 22:49:19','2016-06-01 22:56:44',NULL,'GBR',1),(145,'0D935659804B7B3B20BB8FC3BE469655','2016-06-01 22:57:13','2016-06-01 22:57:23',NULL,'GBR',1),(146,'544FF189DF09994421B28A1BE602BD91','2016-06-01 23:08:42','2016-06-01 23:09:00',NULL,'GBR',1),(147,'120025C756396D61720A2CC0B4E13864','2016-06-01 23:12:03','2016-06-01 23:12:15','2016-06-01 23:12:15','GBR',2),(148,'6C86B6B5D58FE93CB245D9206008033B','2016-06-01 23:13:42','2016-06-01 23:13:49',NULL,'GBR',1),(149,'A44A13E7AADE371C37AD8CF2FB4D550F','2016-06-01 23:15:40','2016-06-01 23:16:42',NULL,'GBR',1),(150,'92830728F457AE0DEC14C115188E3056','2016-06-01 23:19:25','2016-06-01 23:19:45',NULL,'GBR',1),(151,'82AB8ED5AB60868FB4021CDEA785DEEB','2016-06-01 23:21:54','2016-06-01 23:25:13',NULL,'GBR',1),(152,'FEAFD2C73D60AD16B2CE9ABC9432FA6A','2016-06-02 19:51:04','2016-06-02 19:55:59',NULL,'GBR',1),(153,'A775B96ACBEFAE81F2636DDCC03B4164','2016-06-02 20:00:53','2016-06-02 20:02:08',NULL,'GBR',1),(154,'E1F3BD31BD7502243EF03B2933AE13FB','2016-06-02 20:05:17','2016-06-02 20:10:06',NULL,'GBR',1),(155,'3F50AAA3AF96D086E4FD279C303630C2','2016-06-02 20:10:40','2016-06-02 20:12:15',NULL,'GBR',1),(156,'5727EF716DD4A70C3F63EC2C800DAD17','2016-06-02 21:09:39','2016-06-02 21:31:18',NULL,'GBR',1),(157,'47D15DE914ACB9E444D82F7A43CB1F3B','2016-06-02 21:42:55','2016-06-02 21:44:38',NULL,'GBR',1),(158,'2130F245A0B0694E03D1A682D8B09B66','2016-06-02 22:24:54','2016-06-02 22:33:20','2016-06-02 22:33:20','GBR',2),(159,'6458F666C669D523FEE5D9345692CC8D','2016-06-02 22:36:45','2016-06-02 22:43:33',NULL,'GBR',1),(160,'8639780DEB7B29F88288D518343F4FA6','2016-06-03 18:28:16','2016-06-03 18:39:19',NULL,'GBR',1),(161,'3194CF86E49AAB6A267BE9E00821E25F','2016-06-03 19:15:45','2016-06-03 19:16:47',NULL,'GBR',1),(162,'F02B513EE2089B93E045B1A1F06AFC4B','2016-06-03 19:31:20','2016-06-03 19:31:38',NULL,'GBR',1),(163,'311C1BFFF1D119751E8E0F2E0CD11D21','2016-06-03 19:35:14','2016-06-03 19:36:27','2016-06-03 19:36:27','GBR',2),(164,'8A2C6D36FA9275F3BCC327904AF21525','2016-06-03 19:39:27','2016-06-03 19:41:55','2016-06-03 19:41:55','GBR',2),(165,'5F8B5F2A3E437E9A0FF9F3FCDF43DCD1','2016-06-03 19:41:56','2016-06-03 19:42:39',NULL,'GBR',1),(166,'B57A432F33B426DE91CB7C4469097D95','2016-06-03 19:45:47','2016-06-03 19:52:30',NULL,'GBR',1),(167,'B13C1E5DC7F28FB44C2A1DAD269AD8FF','2016-06-03 19:56:25','2016-06-03 19:57:19',NULL,'GBR',1),(168,'1992278AA21D8E40956438C144348653','2016-06-03 19:59:10','2016-06-03 20:01:00',NULL,'GBR',1),(169,'02C4EF62C8C58BD97F70AA0E02E20807','2016-06-03 20:05:27','2016-06-03 20:05:47',NULL,'GBR',1),(170,'20AA4774B17A720279DACD334A34E1DF','2016-06-03 20:10:22','2016-06-03 20:14:02',NULL,'GBR',1),(171,'ECC3D1F9CA16A97F5FDE9BAB542D9DF8','2016-06-03 20:18:26','2016-06-03 20:22:01',NULL,'GBR',1),(172,'4F562885A127DC1E65AB9E9F832C5036','2016-06-03 22:33:25','2016-06-03 22:45:51','2016-06-03 22:45:51','GBR',2),(173,'CACB2218B0FF8F1C285C588F16027FBE','2016-06-03 22:47:10','2016-06-03 22:48:21','2016-06-03 22:48:21','GBR',2),(174,'E8993025A8B75E9ADF9F5E36B453642B','2016-06-03 22:48:31','2016-06-03 22:48:38',NULL,'GBR',1),(175,'DDF2F348AC4F09A4CBAB303E2E897576','2016-06-03 22:50:36','2016-06-03 23:14:25','2016-06-03 23:14:25','GBR',2),(176,'8D97F201C7EC1894FDEB8300913F43A8','2016-06-03 23:14:27','2016-06-03 23:26:45',NULL,'GBR',1),(177,'55A5426B4AEC690BE4ECF21CE0A90EDB','2016-06-03 23:28:06','2016-06-03 23:34:57',NULL,'GBR',1),(178,'A397D6E5A266D65774CB2F43F73A89E9','2016-06-05 11:58:08','2016-06-05 12:01:10',NULL,'GBR',1),(179,'44A21DEA43F86CB2C028661838A742B3','2016-06-05 13:13:10','2016-06-05 13:39:01','2016-06-05 13:39:01','GBR',2),(180,'23B91E6ED3745B00C4EBAC2B2832DE86','2016-06-05 13:39:03','2016-06-05 13:44:48',NULL,'GBR',1),(181,'A5B6693B5AE4D4A9BD48B50551BF3774','2016-06-06 10:53:03','2016-06-06 10:54:30',NULL,'GBR',1),(182,'55DC9B7B48B5ED1865BA1BF3CCE2F5C3','2016-06-06 14:38:33','2016-06-06 14:38:48','2016-06-06 14:38:48','GBR',2),(183,'5A2EADA5659A8ABFFBB6844E67BA0509','2016-06-06 14:38:50','2016-06-06 14:39:09','2016-06-06 14:39:09','GBR',2),(184,'A337FD830EC43E198BA2F5EE98169B72','2016-06-06 14:39:10','2016-06-06 14:40:34',NULL,'GBR',1),(185,'59091D92E5F7A691ADD4DD7DF5B37B6C','2016-06-06 19:19:13','2016-06-06 19:23:32',NULL,'GBR',1),(186,'55765E32DCB871B7EC6C95C6A226C43C','2016-06-06 19:30:04','2016-06-06 19:30:50',NULL,'GBR',1),(187,'84D5FEF683F92412499D50D3F974A3B6','2016-06-06 19:33:30','2016-06-06 19:33:38',NULL,'GBR',1),(188,'10208BCEA4B3A9A1454B0205208292D4','2016-06-07 19:37:05','2016-06-07 19:39:52',NULL,'GBR',1),(189,'52CA765044BBCF502961BECBC1CA73E5','2016-06-08 22:10:10','2016-06-08 22:16:06','2016-06-08 22:16:06','GBR',2),(190,'6615A939D011258668F61C1415A933FD','2016-06-08 22:16:07','2016-06-08 22:16:09','2016-06-08 22:16:09','GBR',2),(191,'EF747450417469A9971E591631FE0103','2016-06-08 22:16:24','2016-06-08 22:16:27','2016-06-08 22:16:27','GBR',2),(192,'27039C59CFCB3D2E97D92FADDD5277D5','2016-06-08 22:16:56','2016-06-08 22:16:59','2016-06-08 22:16:59','GBR',2),(193,'A4A7AD49678C45060DEBC12B4B803C1F','2016-06-08 22:21:46','2016-06-08 22:21:49','2016-06-08 22:21:49','GBR',2),(194,'3FCE61C64145E856D476D58CE3D68AE3','2016-06-08 22:22:20','2016-06-08 22:27:19','2016-06-08 22:27:19','GBR',2),(195,'5723278F2318BB0905F07A59C3EC863E','2016-06-08 22:28:04','2016-06-08 22:34:15',NULL,'GBR',1),(196,'F08D6D5182AF3FDA96F86169AF71B81E','2016-06-08 22:36:48','2016-06-08 22:49:57',NULL,'GBR',1),(197,'5034F2AC8EC2E3D44F95FB7814E203F3','2016-06-08 22:58:43','2016-06-08 22:58:46','2016-06-08 22:58:46','GBR',2),(198,'FCB29995C8A4F3B144834090E64779C0','2016-06-08 23:00:22','2016-06-08 23:00:24','2016-06-08 23:00:24','GBR',2),(199,'E90C90BC4030C3480E474AFEE20C18E3','2016-06-08 23:01:02','2016-06-08 23:01:05','2016-06-08 23:01:05','GBR',2),(200,'9BB8BB53C462F7CBA39C1AE2BB2D9B9B','2016-06-08 23:01:29','2016-06-08 23:01:31','2016-06-08 23:01:31','GBR',2),(201,'87FF333EB83E6592099839A4B82F46D2','2016-06-08 23:01:51','2016-06-08 23:02:57','2016-06-08 23:02:57','GBR',2),(202,'B5F0931869F69A7DD2735118AB2F02E0','2016-06-08 23:03:07','2016-06-08 23:03:12',NULL,'GBR',1),(203,'4933F2FF1C8E03AF3D7ACF597F8F32BC','2016-06-09 21:50:02','2016-06-09 21:55:10',NULL,'GBR',1),(204,'DA76E57E346F1755C27D68A8EBA56B8B','2016-06-09 22:18:32','2016-06-09 22:18:43','2016-06-09 22:18:43','GBR',2),(205,'DF32EFF978312690BA671BBF50BC5AC6','2016-06-09 22:19:25','2016-06-09 22:19:35',NULL,'GBR',1),(206,'6BCD484236D01ED83A7D4A49151F377B','2016-06-09 22:21:13','2016-06-09 22:21:19',NULL,'GBR',1),(207,'B7EDE85B51EF0F8443C27EB18DEE050B','2016-06-09 22:30:48','2016-06-09 22:30:54',NULL,'GBR',1),(208,'CDF7971E503BF0CFE3BC0DB4EF38667D','2016-06-09 22:33:56','2016-06-09 22:35:39',NULL,'GBR',1),(209,'930998DE32E6BB850FF97D9F1F3E8F3D','2016-06-09 22:37:14','2016-06-09 22:37:47',NULL,'GBR',1),(210,'5CC2664967EDCA7C83A1574D65262803','2016-06-09 22:41:56','2016-06-09 22:41:58','2016-06-09 22:41:58','GBR',2),(211,'96EC94696E04FEDAFF1AC84A8AE6C4A1','2016-06-09 22:42:37','2016-06-09 22:45:54',NULL,'GBR',1),(212,'F229ABB0F6DC21CC5CBE4783E8ED9D69','2016-06-10 17:49:42','2016-06-10 18:19:47','2016-06-10 18:19:47','GBR',2),(213,'87DC01F0D77EC0FCAA148ADF74E7F628','2016-06-10 18:24:01','2016-06-10 18:53:32','2016-06-10 18:53:32','GBR',2),(214,'CFD1E85E14F958AA5665A5F3C4384B0C','2016-06-10 22:33:59','2016-06-10 22:40:08',NULL,'GBR',1),(215,'4F5D3F251363E026225414E3A54B09CA','2016-06-10 22:49:06','2016-06-10 22:52:18',NULL,'GBR',1),(216,'61FFEABFC6696D2BBE278DBD0CCB56AF','2016-06-10 22:53:34','2016-06-10 22:59:13',NULL,'GBR',1),(217,'06F21294E0ACB704A087AAAD04F48FBD','2016-06-10 23:01:16','2016-06-10 23:08:01',NULL,'GBR',1),(218,'C56A303083A59627914581195EE47DA2','2016-06-11 18:35:13','2016-06-11 18:35:25','2016-06-11 18:35:25','GBR',2),(219,'D96B42AC75FF734AFDC8033B235812C0','2016-06-11 18:56:51','2016-06-11 18:56:51',NULL,'GBR',1),(220,'41456EC832FDAAFDB5B1D793726F7A2D','2016-06-11 19:00:14','2016-06-11 19:00:14',NULL,'GBR',1),(221,'710FD2D3650438A8ADB3B2CE24D2AF07','2016-06-11 19:09:06','2016-06-11 19:09:06',NULL,'GBR',1),(222,'EBADD2879D2456E6F5894B49A69956CD','2016-06-11 19:10:17','2016-06-11 19:10:30','2016-06-11 19:10:30','GBR',2),(223,'C411E59E618AFA521138FC6B01724AF6','2016-06-11 19:12:47','2016-06-11 19:12:47',NULL,'GBR',1),(224,'BDB0760A6343D60780020EDFA06762C9','2016-06-11 19:14:02','2016-06-11 19:14:09','2016-06-11 19:14:09','GBR',2),(225,'1CAF8B31652DE8183798064408608F97','2016-06-11 19:14:24','2016-06-11 19:14:26','2016-06-11 19:14:26','GBR',2),(226,'CFA24C9E96D08B88A3803BB0384DB000','2016-06-11 19:15:39','2016-06-11 19:15:39',NULL,'GBR',1),(227,'FB93303EB6F4831C42F96E777892504E','2016-06-11 19:16:05','2016-06-11 19:16:17','2016-06-11 19:16:17','GBR',2),(228,'17DF8B8F2A4A0245BEA31349B67ECAF7','2016-06-11 19:19:13','2016-06-11 19:19:15','2016-06-11 19:19:15','GBR',2),(229,'2CA8CC146542C662F7482E51AA0E72B9','2016-06-11 19:19:59','2016-06-11 19:20:01','2016-06-11 19:20:01','GBR',2),(230,'0AA8FE5687F900F838255A137C8A7C38','2016-06-11 19:20:15','2016-06-11 19:20:15',NULL,'GBR',1),(231,'3F0E08BB1C39A2A2EA61AF7BFA6443C6','2016-06-11 19:22:30','2016-06-11 19:25:03','2016-06-11 19:25:03','GBR',2),(232,'10245B4FA7FEFD93B9C02348EC0F351A','2016-06-11 19:25:11','2016-06-11 19:25:34','2016-06-11 19:25:34','GBR',2),(233,'8BD975E39C0285B873A681CF4588AAEF','2016-06-11 19:25:43','2016-06-11 19:26:55','2016-06-11 19:26:55','GBR',2),(234,'A7988C63931A0FAE377F0ADCA71A6969','2016-06-11 19:26:55','2016-06-11 19:27:03','2016-06-11 19:27:03','GBR',2),(235,'CFD9C50C2375713906E2E808DDD73E44','2016-06-11 19:27:04','2016-06-11 19:44:00','2016-06-11 19:44:00','GBR',2),(236,'FB0090807D6B41F2DF2B5CCDCA7757A4','2016-06-11 19:35:39','2016-06-11 19:35:39',NULL,'GBR',1),(237,'739542B66290C62AF77899D326EC3759','2016-06-11 19:36:41','2016-06-11 19:36:41',NULL,'GBR',1),(238,'0465D42A80BEE01AD705AEB36AD1B05A','2016-06-11 19:44:00','2016-06-11 19:44:00',NULL,'GBR',1),(239,'F95BA3B2154EE0B6D59D16EBA1DFB599','2016-06-11 19:50:39','2016-06-11 19:50:42','2016-06-11 19:50:42','GBR',2),(240,'3B89B867C25007076F9B54CD6565F7C5','2016-06-11 19:50:47','2016-06-11 19:51:10','2016-06-11 19:51:10','GBR',2),(241,'533FA7D31C52DF4BAF257A5020D0E034','2016-06-11 19:51:17','2016-06-11 19:51:21','2016-06-11 19:51:21','GBR',2),(242,'1244528A92AB60A66DC3A25EA26E294B','2016-06-11 19:51:27','2016-06-11 19:52:28','2016-06-11 19:52:28','GBR',2),(243,'B9E26ACF2E2AEDF02486677E8D27AA7F','2016-06-11 19:52:33','2016-06-11 19:53:02','2016-06-11 19:53:02','GBR',2),(244,'705947F744F8C8F874ED66CD312CE258','2016-06-11 19:53:03','2016-06-11 19:56:25','2016-06-11 19:56:25','GBR',2),(245,'9E059702902ECF890D04D5CF396A7295','2016-06-11 19:56:36','2016-06-11 19:56:38','2016-06-11 19:56:38','GBR',2),(246,'DCF84B08E88F4FFBF7B3F4D143173B8F','2016-06-11 19:56:55','2016-06-11 19:57:42','2016-06-11 19:57:42','GBR',2),(247,'8207ECFDB802154F753009DEC23BDD71','2016-06-11 19:59:11','2016-06-11 20:04:12','2016-06-11 20:04:12','GBR',2),(248,'D8CACDD8FC5D60398139DEBB74C54A3D','2016-06-11 20:04:29','2016-06-11 20:04:34','2016-06-11 20:04:34','GBR',2),(249,'732EB5CA9948698E3FB1E3798221A3B1','2016-06-11 20:04:42','2016-06-11 20:05:57','2016-06-11 20:05:57','GBR',2),(250,'62A0BFD2E003F62561A0593881A583A2','2016-06-11 20:05:58','2016-06-11 20:06:27','2016-06-11 20:06:27','GBR',2),(251,'15C52418CCA0BEC9F92916D1D942FE7B','2016-06-11 20:06:28','2016-06-11 20:07:54','2016-06-11 20:07:54','GBR',2),(252,'DE57F58A7BD2B38807C413027FD4CCB7','2016-06-11 20:07:55','2016-06-11 20:10:14','2016-06-11 20:10:14','GBR',2),(253,'6B702BC43013D7C719ED7671CD2A898B','2016-06-11 20:10:15','2016-06-11 20:10:15',NULL,'GBR',1),(254,'D058BF00451BF78DCDE29D3A03DF2C69','2016-06-12 12:19:21','2016-06-12 12:19:43','2016-06-12 12:19:43','GBR',2),(255,'C7C43B8D1DADD0152BA6C7975D10927E','2016-06-12 12:19:43','2016-06-12 12:49:14','2016-06-12 12:49:14','GBR',2),(256,'AB70585AC0533741F34A22531D77D7A3','2016-06-12 13:47:17','2016-06-12 13:47:17',NULL,'GBR',1),(257,'80C36BBBD93C36B62672D3854497D14E','2016-06-12 19:42:20','2016-06-12 19:42:37','2016-06-12 19:42:37','GBR',2),(258,'C7C74787D7730908598036FA70215B06','2016-06-12 19:42:39','2016-06-12 19:44:00',NULL,'GBR',1),(259,'060DD6169160DA70087D582CF8DB99E4','2016-06-12 20:09:37','2016-06-12 20:10:20','2016-06-12 20:10:20','GBR',2),(260,'6083442F771F372ACF45D10FBF4CDCF4','2016-06-12 20:10:21','2016-06-12 20:12:09','2016-06-12 20:12:09','GBR',2),(261,'D28B87BC215AC9FE5A839475ED635A8D','2016-06-12 20:18:56','2016-06-12 20:18:58',NULL,'GBR',1),(262,'2D1F12E92346880FB450D7B91145223A','2016-06-12 20:19:43','2016-06-12 20:20:05',NULL,'GBR',1),(263,'608B067D1F7C8B032E6C6C566A6BCC77','2016-06-13 20:02:39','2016-06-13 20:02:42',NULL,'GBR',1),(264,'8AB84DAEEB32D505473D9B80411FD5F3','2016-06-13 20:03:33','2016-06-13 20:07:50',NULL,'GBR',1),(265,'81B8EF472AC691E47438334922DBAF0A','2016-06-13 20:10:13','2016-06-13 20:13:31',NULL,'GBR',1),(266,'B11FCD6A105DBBC6A0ADB536E14A9545','2016-06-13 20:15:42','2016-06-13 20:15:56',NULL,'GBR',1),(267,'F9789B97CAA1C231BDFAED7B7338694A','2016-06-14 19:02:35','2016-06-14 19:21:07',NULL,'GBR',1),(268,'0251249A6A3A16B6E85A34A6C1635F69','2016-06-14 19:32:07','2016-06-14 19:37:20',NULL,'GBR',1),(269,'B21B7DC7E78EAEE1E42D109626B45C0F','2016-06-14 19:39:24','2016-06-14 19:42:44',NULL,'GBR',1),(270,'EFFAFF2BDD6F9396F1D14231A2664AC3','2016-06-15 19:24:36','2016-06-15 19:43:03',NULL,'GBR',1),(271,'A93D12E370F5C58958D010ABD3D47FEA','2016-06-15 19:44:18','2016-06-15 19:45:10',NULL,'GBR',1),(272,'992216A347FF89B4AA89B7A9609BEB09','2016-06-15 19:47:06','2016-06-15 19:47:25',NULL,'GBR',1),(273,'5517AA9C1EFABCB4913D6E202ABA681E','2016-06-19 13:12:26','2016-06-19 13:13:27',NULL,'GBR',1),(274,'C50C7438D636AFDC004C9A73012693A2','2016-06-19 13:16:23','2016-06-19 13:24:27',NULL,'GBR',1),(275,'17363B365C325E129A6CD7DB7E6C7D74','2016-06-20 19:59:27','2016-06-20 19:59:41',NULL,'GBR',1),(276,'73F98F3DBF86BBBA546D2A0159087AFB','2016-06-20 20:02:39','2016-06-20 20:03:23',NULL,'GBR',1),(277,'B50E97615CCC92AC746B5491615B874A','2016-06-20 20:04:53','2016-06-20 20:05:05',NULL,'GBR',1),(278,'012FF0A639AF30EBEA51EF7821596947','2016-06-20 20:05:35','2016-06-20 20:05:47',NULL,'GBR',1),(279,'43693C06E7B5007AE5F31D8630DC67B5','2016-06-20 20:06:46','2016-06-20 20:08:50',NULL,'GBR',1),(280,'8A6F75D1DFE4EA776F83C45B036E1B44','2016-06-20 20:10:01','2016-06-20 20:10:36',NULL,'GBR',1),(281,'2F1BF9DD0CE13B783213D196AD7DB6E3','2016-06-21 22:51:51','2016-06-21 22:52:05',NULL,'GBR',1),(282,'234FDA841B25A698C2629AB0A1A5C3EB','2016-06-21 22:52:39','2016-06-21 22:52:53',NULL,'GBR',1),(283,'966BFF2810924F80B4A05015949C5A07','2016-06-21 22:55:41','2016-06-21 22:55:56',NULL,'GBR',1),(284,'F50843D27ED2B5BE58F5C7D9D3C9FE72','2016-06-24 21:33:44','2016-06-24 21:35:59',NULL,'GBR',1),(285,'32B34AFAB408030D50133D7A07A1BDC9','2016-06-24 21:36:37','2016-06-24 21:36:53',NULL,'GBR',1),(286,'7BCEB593E03FEC581AB00B6C727EB253','2016-06-24 22:22:06','2016-06-24 22:23:09',NULL,'GBR',1),(287,'60E7C8B6E4164112CAF6715FFCF762C9','2016-06-24 22:34:16','2016-06-24 22:34:16',NULL,'GBR',1),(288,'37607E3DD5E097BFAB207FF2C8CD1672','2016-06-24 22:34:30','2016-06-24 22:35:12',NULL,'GBR',1),(289,'630E337C50C933F0325626EB273DB67F','2016-06-24 22:36:27','2016-06-24 22:37:26','2016-06-24 22:37:26','GBR',2),(290,'F4F20091D87DBCD2C8CF35407886D281','2016-06-24 22:37:30','2016-06-24 22:38:12','2016-06-24 22:38:12','GBR',2),(291,'259C6792D0E6C09284A9B66725BFC371','2016-06-25 13:23:13','2016-06-25 13:28:48','2016-06-25 13:28:48','GBR',2),(292,'5AE424B9BD525FDF16339B9C222BA271','2016-06-25 17:52:43','2016-06-25 18:00:09',NULL,'GBR',1),(293,'C0EBCA06470994A8AA69E45D27EEF7C5','2016-06-30 19:57:25','2016-06-30 20:49:52','2016-06-30 20:49:52','GBR',2),(294,'A11A72C7EBF9D597ECB96986C9CDE743','2016-06-30 21:53:36','2016-06-30 21:55:13',NULL,'GBR',1),(295,'A2BCA3957DEC00FF2D9D99A3B136E1F8','2016-06-30 22:00:17','2016-06-30 22:02:31','2016-06-30 22:02:31','GBR',2),(296,'2C0866793B88C179F4465E7CB7C29147','2016-06-30 22:02:36','2016-06-30 22:10:14','2016-06-30 22:10:14','GBR',2),(297,'18EB1D834C1B103C7172E20438FD3DA2','2016-06-30 22:10:18','2016-06-30 22:12:04',NULL,'GBR',1),(298,'07E1802046277E295EC14842D6326720','2016-06-30 22:13:06','2016-06-30 22:15:44',NULL,'GBR',1),(299,'08D4F66D79F08F82E1C3802BD545D17F','2016-06-30 22:22:58','2016-06-30 22:23:19',NULL,'GBR',1),(300,'C58B9647EEE9F6CD8D0160A69A06A9E8','2016-06-30 22:24:27','2016-06-30 22:24:50',NULL,'GBR',1),(301,'A57E61696FF9372009C86D783CF53AB7','2016-06-30 22:49:44','2016-06-30 22:50:03',NULL,'GBR',1),(302,'D192445342B27B8517ADAE4923AFE859','2016-07-01 19:23:27','2016-07-01 19:50:00',NULL,'GBR',1),(303,'AA7E128B6F090A2DBE76BB044E07F1E5','2016-07-01 20:04:02','2016-07-01 20:05:23',NULL,'GBR',1),(304,'41D0A0BBBE18F4D8103A51FAB5BD5E09','2016-07-03 13:42:52','2016-07-03 13:42:55','2016-07-03 13:42:55','GBR',2),(305,'E31D1B803845C30170705D6B497AD2D9','2016-07-03 13:44:11','2016-07-03 13:44:13','2016-07-03 13:44:13','GBR',2),(306,'C502416438E68E5247479E3676A44F5B','2016-07-03 13:45:18','2016-07-03 13:56:39','2016-07-03 13:56:39','GBR',2),(307,'4D7E0F56BF3733D8A9B311152B29D444','2016-07-03 13:56:43','2016-07-03 14:04:45','2016-07-03 14:04:45','GBR',2),(308,'D84EF6DFC4F084B3087269AE94135902','2016-07-03 14:04:51','2016-07-03 14:04:58','2016-07-03 14:04:58','GBR',2),(309,'554FDE892219302F31D71461FC1A42E2','2016-07-03 14:05:41','2016-07-03 14:08:21','2016-07-03 14:08:21','GBR',2),(310,'86B69761ACD65F847DE4D650345AA816','2016-07-03 14:08:25','2016-07-03 14:09:00','2016-07-03 14:09:00','GBR',2),(311,'321FA902422BED09BCCA028FAB143DBF','2016-07-03 14:09:04','2016-07-03 14:15:03',NULL,'GBR',1),(312,'28F6A1AE6706D46B9AEACFFF2C292762','2016-07-04 19:15:10','2016-07-04 19:26:31','2016-07-04 19:26:31','GBR',2),(313,'69DEF83B9AB64600123C6ADAE303B20D','2016-07-04 19:26:39','2016-07-04 20:04:27',NULL,'GBR',1),(314,'D9B300A1925015ACD11F2B03A6244F77','2016-07-05 20:03:02','2016-07-05 20:05:58',NULL,'GBR',1),(315,'CFBEA10DD9A9AD0C7EA7E7872DCF4D3B','2016-07-05 20:09:56','2016-07-05 20:13:11',NULL,'GBR',1),(316,'E6D96BC8D02BB1E78B933CD3F03C20F9','2016-07-05 22:23:54','2016-07-05 23:11:17',NULL,'GBR',1),(317,'D68677971B909A34841F9741BBF1074D','2016-07-05 23:21:25','2016-07-05 23:25:16',NULL,'GBR',1),(318,'7BECC6A909C09D5A4C4030B22AC8ECA2','2016-07-06 19:42:51','2016-07-06 20:13:31','2016-07-06 20:13:31','GBR',2),(319,'43FE6BC9B3A6C75FF483452DC92CD470','2016-07-06 20:15:54','2016-07-06 20:22:23',NULL,'GBR',1),(320,'93E1D305F6DC2D537867D654E7B62480','2016-07-06 22:36:02','2016-07-06 22:48:38','2016-07-06 22:48:38','GBR',2),(321,'406F5F755EF5836B8A0D1A57F1B14167','2016-07-06 22:48:42','2016-07-06 22:52:05',NULL,'GBR',1),(322,'A270DDBF4A0A2909B9447E8F57CB62F4','2016-07-07 22:29:48','2016-07-07 22:35:10',NULL,'GBR',1),(323,'E07C99161AAAB5B29736911206ED9B1C','2016-07-08 22:28:21','2016-07-08 22:33:05',NULL,'GBR',1),(324,'06FDEAAA3F7A739FE98C094595B3C527','2016-07-08 22:36:04','2016-07-08 22:40:13',NULL,'GBR',1),(325,'54EDEA5FB0237AE6445E12B25C57055E','2016-07-17 12:57:30','2016-07-17 13:05:36',NULL,'GBR',1),(326,'FCBAAFB37A85BE9D139F4F18B1D17FE1','2016-07-17 13:07:41','2016-07-17 13:19:13',NULL,'GBR',1),(327,'656C07DA96343DD7466043DF5A3D1DCA','2016-07-17 13:41:57','2016-07-17 13:52:16','2016-07-17 13:52:16','GBR',2),(328,'E79723F6EC5EFC7927AB814AF3978260','2016-07-18 22:38:15','2016-07-18 22:43:01',NULL,'GBR',1),(329,'A90A14FC5E24E863A2C53094E1A3C8BB','2016-07-18 22:50:33','2016-07-18 22:58:56',NULL,'GBR',1),(330,'3D836CC1F33A37C4466FB181E13B5E21','2016-07-19 22:29:25','2016-07-19 22:35:51','2016-07-19 22:35:51','GBR',2),(331,'CF89E3D7499973E30353348B497E6A12','2016-07-19 22:36:55','2016-07-19 22:37:33',NULL,'GBR',1),(332,'6FDFD8C555B5A84B3D9E4849D34C329A','2016-07-19 22:43:03','2016-07-19 22:56:18','2016-07-19 22:56:18','GBR',2),(333,'418559FF197B73793028FAA23CE3D255','2016-07-19 22:56:19','2016-07-19 22:56:52',NULL,'GBR',1),(334,'C23D3F5342DFBE77C1E08DD08360DCF8','2016-07-20 20:39:59','2016-07-20 20:40:02',NULL,'GBR',1),(335,'8434B6C11E01BEB535FBBB01545E6BA4','2016-07-20 21:30:06','2016-07-20 21:37:16','2016-07-20 21:37:16','GBR',2),(336,'1DE1BE4B43B89AE6932A0B87DDFFED70','2016-07-20 21:37:17','2016-07-20 22:16:51',NULL,'GBR',1),(337,'B102047B7DC0287D7C958EAA18CA17B5','2016-07-20 22:21:12','2016-07-20 22:50:21','2016-07-20 22:50:21','GBR',2),(338,'AF9D5EE73BBDA229E4B0B3C3121158B4','2016-07-20 22:50:22','2016-07-20 22:56:15',NULL,'GBR',1),(339,'06F2B1C517B76DC70C5B5FF453036FDB','2016-07-20 22:56:59','2016-07-20 22:57:45',NULL,'GBR',1),(340,'488F43F0FD672679B4D791042B5306AD','2016-07-20 23:09:22','2016-07-20 23:09:51',NULL,'GBR',1),(341,'E3C990291AABA07F71A558EAA5F9E24C','2016-07-20 23:12:53','2016-07-20 23:32:39',NULL,'GBR',1),(342,'54B31DCF1B7E750ED2DB5E478BD5D7B9','2016-07-26 21:52:42','2016-07-26 22:00:34','2016-07-26 22:00:34','GBR',2),(343,'51FB38905BCE3FB3E0CDB0E7C7BF4391','2016-07-26 22:01:27','2016-07-26 22:05:21','2016-07-26 22:05:21','GBR',2),(344,'0B6A0718FF46018314783A7F89CAF6EC','2016-07-26 22:06:53','2016-07-26 22:19:26','2016-07-26 22:19:26','GBR',2),(345,'88F5B16A99BD6B6A8DACF4844817FA34','2016-07-26 22:19:28','2016-07-26 22:29:43','2016-07-26 22:29:43','GBR',2),(346,'CBCDFE9BC59C6EFE0DA9CCCFC95D99DE','2016-07-26 22:30:01','2016-07-26 22:31:16',NULL,'GBR',1),(347,'D13EDFB0B7489686F4031ABC23208219','2016-07-30 12:47:11','2016-07-30 13:16:22',NULL,'GBR',1),(348,'38D1EE21077B7C5F9B3BACBF62CF13FA','2016-07-31 12:42:38','2016-07-31 12:56:40',NULL,'GBR',1),(349,'D56A716410AE69EA9A6E151FE7C907E3','2016-08-06 11:38:06','2016-08-06 12:00:27','2016-08-06 12:00:27','GBR',2),(350,'2B73D245184147DC22FD9191E2F3A65F','2016-08-06 12:01:02','2016-08-06 12:01:20',NULL,'GBR',1),(351,'C9303CDFD9C0D86ED46AF15973AB5BDE','2016-08-06 12:03:17','2016-08-06 12:07:49','2016-08-06 12:07:49','GBR',2),(352,'98968FC5BFF7486E310C8CCDE6DB30C9','2016-08-06 12:11:23','2016-08-06 12:17:11','2016-08-06 12:17:11','GBR',2),(353,'2FC41CD58EA41726A0B417865C4CE519','2016-08-06 12:20:21','2016-08-06 12:24:29','2016-08-06 12:24:29','GBR',2),(354,'B606B262903BD32F12AB01B195850BD6','2016-08-06 12:26:01','2016-08-06 12:36:12','2016-08-06 12:36:12','GBR',2),(355,'1C7BB522F324D68CB5C9E4A2DC89A4A7','2016-08-06 12:42:09','2016-08-06 12:43:04','2016-08-06 12:43:04','GBR',2),(356,'982F3491DDC3BCF8E0D8DA431B13235D','2016-08-06 12:43:09','2016-08-06 12:43:59',NULL,'GBR',1),(357,'23F450569CCA71CCCDF03814DE10DEA3','2016-08-06 12:56:06','2016-08-06 12:58:12','2016-08-06 12:58:12','GBR',2),(358,'B8967D5DD5C1BBD470491B9E98833364','2016-08-06 13:00:09','2016-08-06 13:00:11',NULL,'GBR',1),(359,'78E3D50189CE4DF27656C844183E6BF2','2016-08-06 13:00:49','2016-08-06 13:01:16',NULL,'GBR',1),(360,'22AB55AB99D0DA3774E704E92C2A9543','2016-08-06 13:07:16','2016-08-06 13:07:54','2016-08-06 13:07:54','GBR',2),(361,'8095840416353682FAF5343CBCA20650','2016-08-06 13:09:14','2016-08-06 13:09:46',NULL,'GBR',1),(362,'F3E3D6C1B4EFCBBE4C9AEE696C561247','2016-08-06 13:10:54','2016-08-06 13:13:53','2016-08-06 13:13:53','GBR',2),(363,'ED3CEB29CB0C81223E8D657A214C9F4E','2016-08-06 13:14:47','2016-08-06 13:20:39',NULL,'GBR',1),(364,'C7E70D9CB973E4A593F09F578FFF3F42','2016-08-06 13:26:39','2016-08-06 13:30:19',NULL,'GBR',1),(365,'1674E5BA0EDFDF0A22E195D078BA6C2C','2016-08-06 23:26:44','2016-08-06 23:28:33',NULL,'GBR',1),(366,'CAEF44F12C2B8690A22C2EE6F3228941','2016-08-06 23:38:40','2016-08-06 23:38:52',NULL,'GBR',1),(367,'C392DB818099AC8478BA081CAF6EB78F','2016-08-06 23:41:35','2016-08-06 23:42:11',NULL,'GBR',1),(368,'DAC3053B9F7F467F63AE887FA77FA68D','2016-08-08 22:15:34','2016-08-08 22:22:24',NULL,'GBR',1),(369,'44502562C298C843B56308E02814CF5C','2016-08-13 13:27:32','2016-08-13 13:30:54',NULL,'GBR',1),(370,'51C25E212BB03F1303728BE90C2F61F6','2016-08-13 13:34:27','2016-08-13 13:57:42',NULL,'GBR',1),(371,'8131BBCC502157CC999BB68B251FF9A0','2016-08-14 13:10:44','2016-08-14 13:19:45','2016-08-14 13:19:45','GBR',2),(372,'DF9477C03F0A994E25DA2AF2D4BCD1C2','2016-08-14 13:19:50','2016-08-14 13:20:07','2016-08-14 13:20:07','GBR',2),(373,'EE02ACC56185E21F1AEDEEAD316CEA30','2016-08-14 13:20:09','2016-08-14 13:20:23','2016-08-14 13:20:23','GBR',2),(374,'F51A3488048227EA2C77DBA391CB4729','2016-08-14 13:21:35','2016-08-14 13:21:47','2016-08-14 13:21:47','GBR',2),(375,'3014827306106B7631560B6A68440F9A','2016-08-14 13:21:48','2016-08-14 13:21:52','2016-08-14 13:21:52','GBR',2),(376,'4F9FAC8AED5EEB8D1810932D698FF30D','2016-08-14 13:22:26','2016-08-14 13:23:02',NULL,'GBR',1),(377,'3F26E999C910379C1175577EDA0794F3','2016-08-14 14:00:02','2016-08-14 14:15:20','2016-08-14 14:15:20','GBR',2),(378,'6799471B3DA2DE16B1EF90B0D37B2D98','2016-08-14 14:15:22','2016-08-14 14:24:32',NULL,'GBR',1),(379,'6E5C473351742E220735969E3912EC8B','2016-08-14 14:30:35','2016-08-14 15:03:04','2016-08-14 15:03:04','GBR',2),(380,'173F3FBA3CE807FE7FE13403734593B6','2016-08-30 22:42:05','2016-08-30 22:44:18',NULL,'GBR',1),(381,'7D8DBB3CE53E1E38B0AA44B738B693A1','2016-09-02 22:24:35','2016-09-02 23:05:40','2016-09-02 23:05:40','GBR',2),(382,'904C25C6588FE7AFC692235E2ED7EFDD','2016-09-02 23:14:06','2016-09-02 23:43:38','2016-09-02 23:43:38','GBR',2),(383,'AF46B0C365A446EABA2BF315019F9D49','2016-09-02 23:45:04','2016-09-02 23:53:44',NULL,'GBR',1),(384,'C56A96DD6767C82E8987C45D5E5D56F3','2016-09-03 00:08:23','2016-09-03 00:08:47','2016-09-03 00:08:47','GBR',2),(385,'1EC239A0AAABB579A1E51022E442A35A','2016-09-03 00:19:19','2016-09-03 00:19:44',NULL,'GBR',1),(386,'0457470BEA348CA1E09B62DD9DB1BB01','2016-09-03 00:53:26','2016-09-03 00:53:53',NULL,'GBR',1),(387,'C28A3B90B4EBAAC19E2703E92E841DD5','2016-09-03 01:06:23','2016-09-03 01:11:12',NULL,'GBR',1),(388,'F2A009A04E19AFC4A43F3CE5096A32F5','2016-09-03 01:21:23','2016-09-03 01:23:43',NULL,'GBR',1),(389,'239AC886EC5E0337ABA30C93FA33938B','2016-09-03 14:12:08','2016-09-03 14:12:20',NULL,'GBR',1),(390,'060E56E69AE961CB2428DF4FF96F3106','2016-09-03 17:07:15','2016-09-03 17:10:57',NULL,'GBR',1),(391,'E466A28A459B89F302BDAF2CEFA54E47','2016-09-03 17:11:51','2016-09-03 17:16:28',NULL,'GBR',1),(392,'EFA341360C28BE1EA631B427BC379C78','2016-09-09 23:16:49','2016-09-09 23:20:53',NULL,'GBR',1),(393,'7660A7D61EB31539E06BEA3AC235EA04','2016-09-09 23:36:31','2016-09-09 23:36:32',NULL,'GBR',1),(394,'0B9F00C379B27D9117AC06E8C37446C2','2016-09-09 23:37:37','2016-09-09 23:40:30','2016-09-09 23:40:30','GBR',2),(395,'5BFCF0BD0168D9C8A8B4A3614C5BDE2D','2016-09-09 23:41:59','2016-09-09 23:42:23',NULL,'GBR',1),(396,'1C3FCF883FC7E0669215169DB6F51FFD','2016-09-09 23:51:50','2016-09-09 23:54:15',NULL,'GBR',1),(397,'CBBB38C6C8E5DB99EE7BB0E8180AAC27','2016-09-14 22:56:22','2016-09-14 23:03:17','2016-09-14 23:03:17','GBR',2),(398,'6C31D9B62FE93BBE8BF975DF86C8F498','2016-09-14 23:03:21','2016-09-14 23:04:01','2016-09-14 23:04:01','GBR',2),(399,'39A2D4A3D9399706AD9D273AEBADFA94','2016-09-14 23:04:03','2016-09-14 23:08:11','2016-09-14 23:08:11','GBR',2),(400,'6291CB5F7C1877FB8213E2D1F1DFD5A5','2016-09-14 23:08:16','2016-09-14 23:08:55','2016-09-14 23:08:55','GBR',2),(401,'EB3B315B66DF223EFFFCA4C9C092697B','2016-09-14 23:08:57','2016-09-14 23:09:02',NULL,'GBR',1),(402,'AB07F6ECA2AA8615EA846E3CA3334BEA','2016-09-14 23:25:32','2016-09-14 23:38:03','2016-09-14 23:38:03','GBR',2),(403,'E0D63EBBD992A9ECBA6902303146B1C0','2016-09-14 23:38:06','2016-09-14 23:39:24','2016-09-14 23:39:24','GBR',2),(404,'D67F1ED8739E27122744FD68F1CF42A4','2016-09-14 23:39:30','2016-09-14 23:39:35','2016-09-14 23:39:35','rbp',2),(405,'B6379605344D4D389C06393A2C6F404F','2016-09-14 23:39:39','2016-09-14 23:40:20','2016-09-14 23:40:20','GBR',2),(406,'AFD4B9D466C1AF8DCFD1410D4281599A','2016-09-14 23:40:26','2016-09-14 23:42:18',NULL,'rbp',1),(407,'18F068D3479179AB2C74E1814CFC3EC0','2016-09-15 22:44:43','2016-09-15 22:52:16',NULL,'GBR',1),(408,'1AF2801017816726F3C26B1B5A762B65','2016-09-15 23:16:11','2016-09-15 23:18:43','2016-09-15 23:18:43','GBR',2),(409,'3702CCE5DF17F87277E1278240C90F06','2016-09-15 23:18:48','2016-09-15 23:23:52','2016-09-15 23:23:52','GBR',2),(410,'78C72753FE7882DE008185539A749062','2016-09-15 23:23:57','2016-09-15 23:24:33','2016-09-15 23:24:33','GBR',2),(411,'8B6837474E8E290A31E47EA4A6950AF9','2016-09-15 23:24:42','2016-09-15 23:24:51','2016-09-15 23:24:51','rbp',2),(412,'BBBF7038D662E1A9CA3C0EE5F759DCBF','2016-09-15 23:24:56','2016-09-15 23:26:23','2016-09-15 23:26:23','GBR',2),(413,'E68F209C4D341BCCE01886ABD4A8061E','2016-09-15 23:26:31','2016-09-15 23:34:01','2016-09-15 23:34:01','rbp',2),(414,'CE6A06C1B1D68C415549397DA42EAFE4','2016-09-15 23:34:08','2016-09-15 23:34:45',NULL,'GBR',1),(415,'47241FB861D810FFEDC90DA436B5C55F','2016-09-16 22:03:26','2016-09-16 22:04:13',NULL,'GBR',1),(416,'40DCD62453A635784540761F88463936','2016-09-16 22:06:45','2016-09-16 22:07:55',NULL,'GBR',1),(417,'00C08498EC134888A63014F36A26282E','2016-09-16 22:10:24','2016-09-16 22:21:15',NULL,'GBR',1),(418,'D5647429EB5912EE76C0DD2B68E3DADE','2016-09-16 22:24:32','2016-09-16 22:25:58','2016-09-16 22:25:58','GBR',2),(419,'51DDA214DD8C23E3B9B581F36E56156D','2016-09-16 22:26:04','2016-09-16 22:31:15',NULL,'rbp',1),(420,'7C14F700C4AA55F8A7972B75A9E2C40D','2016-09-16 22:34:02','2016-09-16 22:40:40','2016-09-16 22:40:40','rbp',2),(421,'61A4F91E823D5476720F291670380D36','2016-09-16 22:40:46','2016-09-16 22:50:17',NULL,'GBR',1),(422,'A215F2EA7C52E40193C274B7C98967CF','2016-09-16 22:56:39','2016-09-16 22:57:29','2016-09-16 22:57:29','GBR',2),(423,'A75E8281F0F4E48F6750E1791454F98E','2016-09-16 22:57:35','2016-09-16 23:00:31',NULL,'rbp',1),(424,'DA7F4CEFF5417B9FC8532B74F17CA68A','2016-09-18 14:01:19','2016-09-18 14:03:14',NULL,'GBR',1),(425,'BF09623FF05698F4767A210FFB347279','2016-09-18 14:15:52','2016-09-18 14:16:31',NULL,'GBR',1),(426,'55E0D0E4F644F474C8E8800BA5DEAC66','2016-09-18 14:22:45','2016-09-18 14:33:48',NULL,'GBR',1),(427,'ED7BA66A1C9E69D6776DD6783E594C42','2016-09-18 14:35:16','2016-09-18 14:36:28',NULL,'GBR',1),(428,'E13FB2866F6B80EEDFF85629230CE56A','2016-09-18 14:37:35','2016-09-18 14:40:01','2016-09-18 14:40:01','GBR',2),(429,'4827093EDCB653BE0AB18785900C9EF2','2016-09-18 14:40:03','2016-09-18 14:43:14',NULL,'GBR',1),(430,'14BEAD9CA001482052ACAAB3EDA34EC2','2016-09-18 14:43:52','2016-09-18 14:54:24',NULL,'GBR',1),(431,'06029A100342DE70820304A584B8E976','2016-09-19 22:31:17','2016-09-19 22:40:34',NULL,'GBR',1),(432,'B7A5D79A27252DB362ABB53D50B9CEB9','2016-09-19 22:42:12','2016-09-19 22:45:21','2016-09-19 22:45:21','GBR',2),(433,'8A468EC7813BF6CD819FACB07129B5F6','2016-09-19 22:45:26','2016-09-19 22:47:04',NULL,'GBR',1),(434,'C6C4A8DB8ECC05FCD1D02A5C966765A3','2016-09-20 19:19:19','2016-09-20 19:20:01',NULL,'GBR',1),(435,'8C4221B3161F4DC53238DC199A74CCC1','2016-09-20 19:30:49','2016-09-20 19:30:53',NULL,'GBR',1),(436,'3A1C13CA590952DBCD45DA224CBCBFCB','2016-09-20 19:31:54','2016-09-20 19:32:10',NULL,'GBR',1),(437,'10C09F8E9C147E1EDA5D4A64AB122E4D','2016-09-20 21:46:51','2016-09-20 21:53:43','2016-09-20 21:53:43','GBR',2),(438,'10E42706CA9C9C4A64B7EFAF9DA2658B','2016-09-20 21:53:46','2016-09-20 21:54:06',NULL,'GBR',1),(439,'612B7BA18AC5084392F056378004D776','2016-09-20 21:55:07','2016-09-20 21:55:36',NULL,'GBR',1),(440,'06EB6279491F226519788159048D312F','2016-09-20 21:59:18','2016-09-20 22:00:01',NULL,'GBR',1),(441,'A10894830544F9C4DCE596FEC8F1B835','2016-09-20 22:06:13','2016-09-20 22:29:40',NULL,'GBR',1),(442,'07B175D584D1E4C29C27CF4E3226A671','2016-09-20 22:43:53','2016-09-20 22:44:12',NULL,'GBR',1),(443,'39E71560533D6786A4AB1CCF3BB92E8B','2016-09-20 22:51:10','2016-09-20 22:54:15',NULL,'GBR',1),(444,'3B16F2EDCCA9BC2F57729E0170083480','2016-09-20 22:57:36','2016-09-20 22:57:58',NULL,'GBR',1),(445,'DBAE9013B7F34E0138EA4276E8E95CE2','2016-09-21 22:57:44','2016-09-21 22:58:02','2016-09-21 22:58:02','GBR',2),(446,'38618EBAD0596CCBA1B82B023F51BB01','2016-09-21 22:58:05','2016-09-21 22:58:09',NULL,'GBR',1),(447,'00DB73B6C0F79FF662E33F6E68F911EB','2016-09-24 20:21:24','2016-09-24 20:31:38','2016-09-24 20:31:38','GBR',2),(448,'AEEB334BF146FCFC5EB90F7E36DC5B16','2016-09-24 20:31:43','2016-09-24 20:36:25',NULL,'GBR',1),(449,'616283CEA537D640057035524B9EF126','2016-09-26 19:44:10','2016-09-26 19:48:12',NULL,'GBR',1),(450,'38B60B60E978C714A62F00C792D5E6E5','2016-09-26 19:50:16','2016-09-26 20:06:12','2016-09-26 20:06:12','GBR',2),(451,'764F43F932C53A57159496F5C7733D81','2016-09-26 20:06:17','2016-09-26 20:06:43',NULL,'GBR',1),(452,'2BDD7126FCCD12CA87043B359957B502','2016-09-26 20:16:05','2016-09-26 20:16:10',NULL,'GBR',1),(453,'7D875225EA78F90C02178CCB773F24BE','2016-09-26 20:30:02','2016-09-26 20:30:04',NULL,'GBR',1),(454,'B385802DFE7AF34439AE2AA26F3BB1A0','2016-09-26 20:31:41','2016-09-26 20:31:44','2016-09-26 20:31:44','GBR',2),(455,'A2DE4ABB82213D4ABC222542064AB7CF','2016-09-26 20:32:25','2016-09-26 20:36:31',NULL,'GBR',1),(456,'6C6BA61FF2E83CB3CF20278065A6BD4B','2016-09-26 22:24:44','2016-09-26 22:31:12',NULL,'GBR',1),(457,'5251AC3DF7608452EB8C17D6FDF6C56B','2016-09-26 22:52:34','2016-09-26 23:05:20',NULL,'GBR',1),(458,'C38CDAFDCF0046E009972AEC3174B058','2016-10-03 23:29:01','2016-10-03 23:44:31',NULL,'GBR',1),(459,'94ADD9E4502D989DBFD834A71BE67F72','2016-10-03 23:52:38','2016-10-04 00:08:39',NULL,'GBR',1),(460,'CA1FC5CCCA3D0C8BE0E22E6FF5329FC5','2016-10-04 22:50:50','2016-10-04 23:20:58',NULL,'GBR',1),(461,'BD01AAC6D0E7EE89BD31BC843323287A','2016-10-13 22:49:42','2016-10-13 22:55:49','2016-10-13 22:55:49','GBR',2),(462,'C11B6EEB77EDE5A979617AEDB3312452','2016-10-29 13:28:30','2016-10-29 13:42:27',NULL,'GBR',1),(463,'82D6FA70700CF5B5F8939D241D6A44B0','2016-11-01 12:35:52','2016-11-01 12:43:12','2016-11-01 12:43:12','GBR',2),(464,'E308A58B417F99B3C0B496E2A66B7802','2016-11-01 12:43:16','2016-11-01 13:17:20',NULL,'GBR',1),(465,'72AA495E192B1B6C752286A971CC2313','2016-11-01 13:29:00','2016-11-01 13:29:14','2016-11-01 13:29:14','GBR',2),(466,'9A9EFFA27313B4BAC35FDA6A8D5979BA','2016-11-01 13:29:34','2016-11-01 13:29:52','2016-11-01 13:29:52','GBR',2),(467,'808DCC474AB887A9C8B898A2228EF6AD','2016-11-01 13:29:58','2016-11-01 13:31:13','2016-11-01 13:31:13','rbp',2),(468,'283B7B1174D5A3C76D19B8F50759ABC9','2016-11-01 13:32:39','2016-11-01 13:43:15',NULL,'GBR',1),(469,'53B5A0D9625CDDD8B07E3A3AA0CEE18C','2016-11-07 19:40:22','2016-11-07 19:40:44','2016-11-07 19:40:44','GBR',2),(470,'EA8206606C96E92512DCB05384F53224','2016-11-07 19:40:46','2016-11-07 19:40:57','2016-11-07 19:40:57','GBR',2),(471,'318B48F2FC965A7246D7C6ADB96BB8E3','2016-11-07 19:40:58','2016-11-07 20:10:29','2016-11-07 20:10:29','GBR',2),(472,'2ECF8743B90C25084C74FEBA65EC36B4','2016-11-16 19:35:37','2016-11-16 19:36:41','2016-11-16 19:36:41','GBR',2),(473,'9ABAB57F9B017E9FF34B355F38896A83','2016-11-16 19:36:42','2016-11-16 19:38:40','2016-11-16 19:38:40','GBR',2),(474,'D912F16BF5A2123BF27F9003D85BE576','2016-11-16 19:38:42','2016-11-16 19:39:52','2016-11-16 19:39:52','GBR',2),(475,'5668A01A79CD34D199DFC54D99225284','2016-11-16 19:39:54','2016-11-16 19:40:04',NULL,'GBR',1),(476,'B421B460D054B163E4C7DBF18B8DDC6F','2016-11-16 22:54:01','2016-11-16 22:56:29',NULL,'GBR',1),(477,'38F48E7D0F710CC40EE071CD51792EE7','2016-11-18 19:33:43','2016-11-18 19:36:20',NULL,'GBR',1),(478,'225F1CD20C164F3EC0CEE91E9BA3A256','2016-11-19 11:07:30','2016-11-19 11:07:30',NULL,'GBR',1);
/*!40000 ALTER TABLE `sessionmap` ENABLE KEYS */;
UNLOCK TABLES;

--
-- Table structure for table `stock`
--

DROP TABLE IF EXISTS `stock`;
/*!40101 SET @saved_cs_client     = @@character_set_client */;
/*!40101 SET character_set_client = utf8 */;
CREATE TABLE `stock` (
  `STOCK_ID` int(10) unsigned NOT NULL AUTO_INCREMENT,
  `STORE_ID` int(4) NOT NULL,
  `TO_STORE_ID` int(4) DEFAULT NULL,
  `FROM_STORE_ID` int(4) DEFAULT NULL,
  `ITEM_ID` int(3) NOT NULL,
  `EMP_ID` int(10) unsigned NOT NULL,
  `OPERATION` enum('I','O','TS','TR') NOT NULL,
  `QUANTITY` int(11) NOT NULL,
  `VOLUME` int(11) DEFAULT NULL,
  `SUPPLIER_ID` int(11) DEFAULT NULL,
  `DRIVER_MOBILE` varchar(10) DEFAULT NULL,
  `VEHICLE_REG_NUM` varchar(10) DEFAULT NULL,
  `REMARKS` varchar(150) DEFAULT NULL,
  `ENTRY_DATE` datetime NOT NULL,
  `MODIFY_DATE` datetime DEFAULT NULL,
  PRIMARY KEY (`STOCK_ID`),
  KEY `stock_item_fk` (`ITEM_ID`),
  KEY `stock_store_fk` (`STORE_ID`),
  KEY `stock_emp_fk` (`EMP_ID`),
  CONSTRAINT `stock_emp_fk` FOREIGN KEY (`EMP_ID`) REFERENCES `employee` (`EMP_ID`) ON DELETE NO ACTION ON UPDATE NO ACTION,
  CONSTRAINT `stock_item_fk` FOREIGN KEY (`ITEM_ID`) REFERENCES `item` (`ITEM_ID`) ON DELETE NO ACTION ON UPDATE NO ACTION,
  CONSTRAINT `stock_store_fk` FOREIGN KEY (`STORE_ID`) REFERENCES `store` (`STORE_ID`) ON DELETE NO ACTION ON UPDATE NO ACTION
) ENGINE=InnoDB AUTO_INCREMENT=12 DEFAULT CHARSET=latin1;
/*!40101 SET character_set_client = @saved_cs_client */;

--
-- Dumping data for table `stock`
--

LOCK TABLES `stock` WRITE;
/*!40000 ALTER TABLE `stock` DISABLE KEYS */;
INSERT INTO `stock` VALUES (1,1,NULL,NULL,16,1,'I',100,NULL,25,'9980412346','ka04mg6365','','2016-10-03 23:52:51',NULL),(2,1,18,NULL,3,1,'O',175,NULL,NULL,NULL,NULL,'','2016-10-03 00:00:00','2016-10-04 00:08:08'),(3,1,NULL,NULL,3,1,'I',500,NULL,29,'9980412345','ka04mg6365','','2016-10-03 23:55:59',NULL),(4,1,NULL,NULL,16,1,'I',50,NULL,25,'9980412346','ka04mg6365','','2016-10-04 22:51:16',NULL),(5,1,NULL,NULL,16,1,'I',50,NULL,29,'9980142381','ka04ea2957','awe','2016-10-29 13:29:12',NULL),(6,1,18,NULL,16,1,'O',-50,NULL,NULL,NULL,NULL,'','2016-10-29 13:40:59',NULL),(7,1,18,NULL,3,1,'O',-25,NULL,NULL,NULL,NULL,'','2016-10-29 13:42:03',NULL),(8,1,NULL,NULL,10,1,'I',25,NULL,26,'9980412346','ka04mg6365','ddasda','2016-11-01 00:00:00','2016-11-01 12:55:58'),(9,1,NULL,NULL,16,1,'O',-25,NULL,NULL,NULL,NULL,'fsdfs','2016-11-01 12:52:37',NULL),(10,1,18,NULL,10,1,'O',-20,NULL,NULL,NULL,NULL,'','2016-11-01 12:57:54',NULL),(11,1,18,NULL,16,1,'O',-25,NULL,NULL,NULL,NULL,'First Transfer','2016-11-18 19:34:00',NULL);
/*!40000 ALTER TABLE `stock` ENABLE KEYS */;
UNLOCK TABLES;

--
-- Table structure for table `stockbalance`
--

DROP TABLE IF EXISTS `stockbalance`;
/*!40101 SET @saved_cs_client     = @@character_set_client */;
/*!40101 SET character_set_client = utf8 */;
CREATE TABLE `stockbalance` (
  `STORE_ID` int(4) NOT NULL,
  `ITEM_ID` int(3) NOT NULL,
  `BALANCE` int(11) unsigned DEFAULT NULL,
  `BALANCE_VOLUME` int(11) unsigned DEFAULT NULL,
  `UPDATE_DATE` datetime NOT NULL,
  PRIMARY KEY (`STORE_ID`,`ITEM_ID`),
  KEY `StockBal_Item_fk_idx` (`ITEM_ID`),
  CONSTRAINT `StockBal_Item_fk` FOREIGN KEY (`ITEM_ID`) REFERENCES `item` (`ITEM_ID`) ON DELETE NO ACTION ON UPDATE NO ACTION,
  CONSTRAINT `StockBal_Store_fk` FOREIGN KEY (`STORE_ID`) REFERENCES `store` (`STORE_ID`) ON DELETE NO ACTION ON UPDATE NO ACTION
) ENGINE=InnoDB DEFAULT CHARSET=utf8;
/*!40101 SET character_set_client = @saved_cs_client */;

--
-- Dumping data for table `stockbalance`
--

LOCK TABLES `stockbalance` WRITE;
/*!40000 ALTER TABLE `stockbalance` DISABLE KEYS */;
INSERT INTO `stockbalance` VALUES (1,3,300,0,'2016-10-29 13:42:03'),(1,10,5,0,'2016-11-01 12:57:54'),(1,16,100,0,'2016-11-18 19:34:01');
/*!40000 ALTER TABLE `stockbalance` ENABLE KEYS */;
UNLOCK TABLES;

--
-- Table structure for table `store`
--

DROP TABLE IF EXISTS `store`;
/*!40101 SET @saved_cs_client     = @@character_set_client */;
/*!40101 SET character_set_client = utf8 */;
CREATE TABLE `store` (
  `STORE_ID` int(4) NOT NULL AUTO_INCREMENT,
  `STORE_NAME` varchar(105) NOT NULL,
  `ADDRESS` varchar(150) NOT NULL,
  `CITY` varchar(50) DEFAULT NULL,
  `PINCODE` varchar(6) DEFAULT NULL,
  `STATE` varchar(45) NOT NULL,
  `COUNTRY` varchar(45) NOT NULL,
  `START_DATE` date NOT NULL,
  `CLOSE_DATE` date DEFAULT NULL,
  `EMP_ID` int(10) unsigned DEFAULT NULL,
  PRIMARY KEY (`STORE_ID`)
) ENGINE=InnoDB AUTO_INCREMENT=31 DEFAULT CHARSET=latin1;
/*!40101 SET character_set_client = @saved_cs_client */;

--
-- Dumping data for table `store`
--

LOCK TABLES `store` WRITE;
/*!40000 ALTER TABLE `store` DISABLE KEYS */;
INSERT INTO `store` VALUES (1,'Yelahanka Store','Yelahanka','Bangalore','560092','Karnataka','INDIA','2014-03-30',NULL,1),(4,'dfdfsd','#1745, C - Block, Sahakarnagar','Bangalore','560092','Karnataka','India','2014-03-31',NULL,0),(5,'Site 2','#1745, C - Block, Sahakarnagar','Bangalore','560092','Karnataka','INDIA','2014-04-07',NULL,10),(8,'fdsfsd','Ye','Bangalore','560092','Karnataka','INDIA','2014-04-27',NULL,19),(14,'Shivanhalli Site','Yelahanka','Bangalore','560092','Karnataka','India','2014-05-23',NULL,9),(16,'xc','#1745, C - Block, Sahakarnagar','Bangalore','560092','Karnataka','INDIA','2014-07-06',NULL,26),(17,'Atria College Store Shobha','Hebbal','Bangalore','560092','Karnataka','India','2015-08-06',NULL,0),(18,'Sahakarnagar Store','Sahakarnagar','Bangalore','560092','Karnataka','India','2015-08-07',NULL,2),(19,'Avanahalli Store','#1998, C - Block','Bangalore','560092','Karnataka','INDIA','2015-10-05',NULL,13),(22,'New Store','#1749, C - Block, Sahakrnagar','Bangalore','560090','Karnataka','India','2016-04-06',NULL,0),(24,'New Store 3','#1749, C - Block, Sahakrnagar','Bangalore','560090','Karnataka','India','2016-04-06',NULL,41),(25,'New Store 67','#1749, C - Block, Sahakrnagar','Bangalore','560090','Karnataka','India','2016-04-13',NULL,0),(26,'New Store 9','#1749, C - Block, Sahakrnagar','Bangalore','560090','Karnataka','India','2016-04-03',NULL,7),(27,'New Store 91','#1749, C - Block, Sahakrnagar','Bangalore','560090','Karnataka','India','2016-04-01',NULL,0),(28,'Gokul_Cheeku_Store','#1749, C - Block, Sahakrnagar','Bangalore','560090','Karnataka','India','2016-04-30',NULL,0),(29,'Gokul_Cheeku_Store2','#1749, C - Block, Sahakrnagar','Bangalore','560090','Karnataka','India','2016-05-05',NULL,0),(30,'Shivanalli store','sdsadhjh','Bangalore','560092','karnataka','India','2015-04-01',NULL,33);
/*!40000 ALTER TABLE `store` ENABLE KEYS */;
UNLOCK TABLES;

--
-- Table structure for table `supplier`
--

DROP TABLE IF EXISTS `supplier`;
/*!40101 SET @saved_cs_client     = @@character_set_client */;
/*!40101 SET character_set_client = utf8 */;
CREATE TABLE `supplier` (
  `SUPPLIER_ID` int(10) unsigned NOT NULL AUTO_INCREMENT,
  `NAME` varchar(45) NOT NULL,
  `ADDRESS` varchar(145) DEFAULT NULL,
  `MOBILE` varchar(10) NOT NULL,
  `CITY` varchar(45) NOT NULL,
  `PINCODE` varchar(6) NOT NULL,
  `STATE` varchar(45) DEFAULT NULL,
  `COUNTRY` varchar(45) DEFAULT NULL,
  `DATE_ADDED` datetime NOT NULL,
  `DATE_MODIFY` datetime DEFAULT NULL,
  PRIMARY KEY (`SUPPLIER_ID`)
) ENGINE=InnoDB AUTO_INCREMENT=30 DEFAULT CHARSET=latin1;
/*!40101 SET character_set_client = @saved_cs_client */;

--
-- Dumping data for table `supplier`
--

LOCK TABLES `supplier` WRITE;
/*!40000 ALTER TABLE `supplier` DISABLE KEYS */;
INSERT INTO `supplier` VALUES (1,'Cement supplier','#1745, B - Block, Sahakarnagar','9992113540','Bangalore','560092','Karnataka',NULL,'2016-03-24 00:04:50',NULL),(2,'Cement supplier','#1745, C - Block, Sahakarnagar ','9980412345','Bangalore','560092','Karnataka',NULL,'2016-03-26 11:07:33',NULL),(3,'Cement supplier','#1998, C - Block, Sahakarnagar','9980142381','Bangalore','560093','Karnataka','INDIA','2014-09-15 23:33:32',NULL),(4,'dsadas','','9980142381','Bangalore','560092','Karnataka','INDIA','2014-04-23 23:55:05',NULL),(5,'dsadas','Yelahanka','9980142381','Bangalore','560092','Karnataka','INDIA','2014-04-23 23:56:45',NULL),(6,'dsadas','Yelahanka','9980142381','Bangalore','560092','Karnataka','INDIA','2014-04-24 22:08:36',NULL),(7,'dsadas','Yelahanka','9980142381','Bangalore','560092','Karnataka','INDIA','2014-04-24 23:15:02',NULL),(8,'dsadas','Yelahanka','9980142381','Bangalore','560092','Karnataka','INDIA','2014-04-24 23:28:27',NULL),(9,'dsadas','Yelahanka','9980142381','Bangalore','560092','Karnataka','INDIA','2014-04-24 23:29:13',NULL),(10,'dsadas','Yelahanka','9980142381','Bangalore','560092','Karnataka','INDIA','2014-04-24 23:40:45',NULL),(11,'dsadas','Yelahanka','9980142381','Bangalore','560092','Karnataka','INDIA','2014-04-24 23:41:36',NULL),(12,'dsadas','Yelahanka','9980142381','Bangalore','560092','Karnataka','INDIA','2014-04-24 23:41:58',NULL),(13,'dsadas','Yelahanka','9980142381','Bangalore','560092','Karnataka','INDIA','2014-04-24 23:45:48',NULL),(14,'dsadas','Yelahanka','9980142381','Bangalore','560092','Karnataka','INDIA','2014-04-24 23:46:14',NULL),(15,'dsadas','Yelahanka','9980142381','Bangalore','560092','Karnataka','INDIA','2014-04-24 23:47:52',NULL),(16,'dsadas','Yelahanka','9980142381','Bangalore','560092','Karnataka','INDIA','2014-04-24 23:49:14',NULL),(17,'dsadas','Yelahanka','9980142381','Bangalore','560092','Karnataka','INDIA','2014-04-26 23:40:48',NULL),(18,'dsadas','Yelahanka','9980142381','Bangalore','560092','Karnataka','INDIA','2014-04-26 23:41:56',NULL),(19,'dsadas','Yelahanka','9980142381','Bangalore','560092','Karnataka','INDIA','2014-04-26 23:43:03',NULL),(20,'dsadas','Sahakarnagar','9980142381','Bangalore','560092','Karnataka','INDIA','2014-09-18 22:56:51',NULL),(21,'dsadas','Yelahanka','9980142381','Bangalore','560092','Karnataka','INDIA','2014-04-26 23:57:31',NULL),(22,'dsadas','Yelahanka','9980142381','Bangalore','560092','Karnataka','INDIA','2014-04-26 23:59:47',NULL),(23,'dsadas','Yelahanka','9980142383','Bangalore','560092','Karnataka','INDIA','2014-04-28 23:16:58',NULL),(24,'Tap Supplier','Yelahanka','9980142384','Bangalore','560092','Karnataka','INDIA','2014-05-06 22:11:00',NULL),(25,'Water Supplier','#1745, C - Block, Sahakarnagar','9980121234','Bangalore','560092','Karnataka',NULL,'2016-03-22 22:19:45',NULL),(26,'Water Supplier 2','#1745, C - Block, Sahakarnagar','9980121234','Bangalore','560092','Karnataka',NULL,'2016-03-22 22:23:47',NULL),(27,'Water Supplier 3','#1745, C - Block, Sahakarnagar','9980121235','Bangalore','560092','Karnataka',NULL,'2016-03-22 22:26:29',NULL),(28,'Cement supplier','#1745, C - Block, Sahakarnagar','9992113547','Bangalore','211354','Karnataka',NULL,'2016-03-23 23:49:04',NULL),(29,'Gokul Namit Suppliers','#1745, C - Block, Sahakarnagar ','9980412346','Kodigehalli','560092','Karnataka',NULL,'2016-03-26 11:08:24',NULL);
/*!40000 ALTER TABLE `supplier` ENABLE KEYS */;
UNLOCK TABLES;

--
-- Table structure for table `user`
--

DROP TABLE IF EXISTS `user`;
/*!40101 SET @saved_cs_client     = @@character_set_client */;
/*!40101 SET character_set_client = utf8 */;
CREATE TABLE `user` (
  `EMP_ID` int(10) unsigned NOT NULL,
  `USER_NAME` varchar(15) NOT NULL,
  `PASSWORD` varchar(150) NOT NULL,
  PRIMARY KEY (`EMP_ID`),
  UNIQUE KEY `EMP_ID_UNIQUE` (`EMP_ID`),
  CONSTRAINT `user_emp_fk` FOREIGN KEY (`EMP_ID`) REFERENCES `employee` (`EMP_ID`) ON DELETE NO ACTION ON UPDATE NO ACTION
) ENGINE=InnoDB DEFAULT CHARSET=latin1;
/*!40101 SET character_set_client = @saved_cs_client */;

--
-- Dumping data for table `user`
--

LOCK TABLES `user` WRITE;
/*!40000 ALTER TABLE `user` DISABLE KEYS */;
INSERT INTO `user` VALUES (1,'GBR','JZp8ihaLQ84BSlIk5R89rGwNBhEkDNGrAepAzDJ28Slcuu4Y99MLYdW/hjQ5/MTT'),(2,'rbp','QSfMxKkl+25RIVLT7cdNNKo9DPoReDATL5JR3U4Vv0MItqVfHc+U/Q1EUs8RVFQf'),(7,'gokul2br','123456'),(8,'gokul2','123456'),(9,'gokul','123456'),(10,'gokul1','5NmM7qZPzxhKMeiG3J6VVkKVLsZTkUC7hcI98k1tCM3mBPCuCv0I4lFykIBzgMJh'),(11,'bindhu','jdXqghxVbd4eR5pjuLbQoTW2KnRapkDTsuwIbNWDrf1jiV0dNzh4W0Qau22VGkUE'),(12,'bondhu','123456'),(41,'Raghu','123'),(42,'Shobha','9xyQdgUGmGayKyB3zTNf+CLCHThhp2SIbzGy4pDM39ZtwA5N8KKwttWGi38QWo2j');
/*!40000 ALTER TABLE `user` ENABLE KEYS */;
UNLOCK TABLES;

--
-- Dumping events for database 'pyramid_schema'
--

--
-- Dumping routines for database 'pyramid_schema'
--
/*!50003 DROP PROCEDURE IF EXISTS `BALANCE_STOCK_UPDATE` */;
/*!50003 SET @saved_cs_client      = @@character_set_client */ ;
/*!50003 SET @saved_cs_results     = @@character_set_results */ ;
/*!50003 SET @saved_col_connection = @@collation_connection */ ;
/*!50003 SET character_set_client  = utf8 */ ;
/*!50003 SET character_set_results = utf8 */ ;
/*!50003 SET collation_connection  = utf8_general_ci */ ;
/*!50003 SET @saved_sql_mode       = @@sql_mode */ ;
/*!50003 SET sql_mode              = 'STRICT_TRANS_TABLES,NO_AUTO_CREATE_USER,NO_ENGINE_SUBSTITUTION' */ ;
DELIMITER ;;
CREATE DEFINER=`root`@`localhost` PROCEDURE `BALANCE_STOCK_UPDATE`(IN storeId int(4), IN itemId int(3), IN quantity int(11) SIGNED, IN volume int(11) SIGNED)
BEGIN
DECLARE stockBalance int(11) SIGNED;
DECLARE stockVolumeBalance int(11) SIGNED;
DECLARE UPDATE_DT datetime;

SET UPDATE_DT = NOW();

select (BALANCE + quantity) into stockBalance from stockbalance where STORE_ID=storeId and ITEM_ID = itemId;
select (BALANCE_VOLUME + volume) into stockVolumeBalance from stockbalance where STORE_ID=storeId and ITEM_ID = itemId;


IF stockBalance < 0
THEN
 SIGNAL SQLSTATE '45000'
 SET MESSAGE_TEXT = 'An error occurred';
END IF;

IF stockVolumeBalance IS NULL
THEN
  SET stockVolumeBalance = 0;
END IF;

IF stockVolumeBalance < 0
THEN
 SIGNAL SQLSTATE '45000'
 SET MESSAGE_TEXT = 'An error occurred';
END IF;

select stockBalance, stockVolumeBalance;

IF stockBalance IS NULL
THEN
 INSERT INTO pyramid_schema.stockbalance (STORE_ID, ITEM_ID, BALANCE, BALANCE_VOLUME, UPDATE_DATE) 
 VALUES (storeId, itemID, quantity, volume, update_dt);
ELSE
  UPDATE pyramid_schema.stockbalance 
  SET BALANCE = stockBalance, BALANCE_VOLUME = stockVolumeBalance,
      UPDATE_DATE = UPDATE_DT
  WHERE STORE_ID=storeId and ITEM_ID=itemId;
END IF;
END ;;
DELIMITER ;
/*!50003 SET sql_mode              = @saved_sql_mode */ ;
/*!50003 SET character_set_client  = @saved_cs_client */ ;
/*!50003 SET character_set_results = @saved_cs_results */ ;
/*!50003 SET collation_connection  = @saved_col_connection */ ;
/*!50003 DROP PROCEDURE IF EXISTS `GET_ALL_STORES` */;
/*!50003 SET @saved_cs_client      = @@character_set_client */ ;
/*!50003 SET @saved_cs_results     = @@character_set_results */ ;
/*!50003 SET @saved_col_connection = @@collation_connection */ ;
/*!50003 SET character_set_client  = utf8 */ ;
/*!50003 SET character_set_results = utf8 */ ;
/*!50003 SET collation_connection  = utf8_general_ci */ ;
/*!50003 SET @saved_sql_mode       = @@sql_mode */ ;
/*!50003 SET sql_mode              = 'STRICT_TRANS_TABLES,NO_AUTO_CREATE_USER,NO_ENGINE_SUBSTITUTION' */ ;
DELIMITER ;;
CREATE DEFINER=`root`@`localhost` PROCEDURE `GET_ALL_STORES`()
BEGIN
	select S.*, E.FIRST_NAME from Store S inner join employee E on S.EMP_ID = E.EMP_ID;
END ;;
DELIMITER ;
/*!50003 SET sql_mode              = @saved_sql_mode */ ;
/*!50003 SET character_set_client  = @saved_cs_client */ ;
/*!50003 SET character_set_results = @saved_cs_results */ ;
/*!50003 SET collation_connection  = @saved_col_connection */ ;
/*!50003 DROP PROCEDURE IF EXISTS `GET_MENU_PERMISSIONS_BY_ROLEID` */;
/*!50003 SET @saved_cs_client      = @@character_set_client */ ;
/*!50003 SET @saved_cs_results     = @@character_set_results */ ;
/*!50003 SET @saved_col_connection = @@collation_connection */ ;
/*!50003 SET character_set_client  = utf8 */ ;
/*!50003 SET character_set_results = utf8 */ ;
/*!50003 SET collation_connection  = utf8_general_ci */ ;
/*!50003 SET @saved_sql_mode       = @@sql_mode */ ;
/*!50003 SET sql_mode              = 'STRICT_TRANS_TABLES,NO_AUTO_CREATE_USER,NO_ENGINE_SUBSTITUTION' */ ;
DELIMITER ;;
CREATE DEFINER=`root`@`localhost` PROCEDURE `GET_MENU_PERMISSIONS_BY_ROLEID`(role_id int(3))
BEGIN

select menus.menu_ID , menus.menu_name, permission.ID from menus left join permission on menus.MENU_ID = permission.Menu_ID
and permission.ROLE_ID= role_id 
order by menus.MENU_ID;
	
END ;;
DELIMITER ;
/*!50003 SET sql_mode              = @saved_sql_mode */ ;
/*!50003 SET character_set_client  = @saved_cs_client */ ;
/*!50003 SET character_set_results = @saved_cs_results */ ;
/*!50003 SET collation_connection  = @saved_col_connection */ ;
/*!50003 DROP PROCEDURE IF EXISTS `GET_STOCK_BAL_UPDATE_BY_STORE_AND_ITEM_ID` */;
/*!50003 SET @saved_cs_client      = @@character_set_client */ ;
/*!50003 SET @saved_cs_results     = @@character_set_results */ ;
/*!50003 SET @saved_col_connection = @@collation_connection */ ;
/*!50003 SET character_set_client  = utf8 */ ;
/*!50003 SET character_set_results = utf8 */ ;
/*!50003 SET collation_connection  = utf8_general_ci */ ;
/*!50003 SET @saved_sql_mode       = @@sql_mode */ ;
/*!50003 SET sql_mode              = 'STRICT_TRANS_TABLES,NO_AUTO_CREATE_USER,NO_ENGINE_SUBSTITUTION' */ ;
DELIMITER ;;
CREATE DEFINER=`root`@`localhost` PROCEDURE `GET_STOCK_BAL_UPDATE_BY_STORE_AND_ITEM_ID`(IN STOREID int(3), IN ITEMID int(3))
BEGIN
  -- SELECT BALANCE FROM STOCKBALANCE WHERE STORE_ID=STOREID and ITEM_ID=ITEMID;
  SELECT I.ITEM_ID, I.NAME AS 'ITEM_NAME', I.UNIT, BALANCE AS 'STOCK', BALANCE_VOLUME FROM ITEM I JOIN STOCKBALANCE S ON I.ITEM_ID = S.ITEM_ID 
  WHERE I.ITEM_ID=ITEMID AND S.STORE_ID=STOREID;
END ;;
DELIMITER ;
/*!50003 SET sql_mode              = @saved_sql_mode */ ;
/*!50003 SET character_set_client  = @saved_cs_client */ ;
/*!50003 SET character_set_results = @saved_cs_results */ ;
/*!50003 SET collation_connection  = @saved_col_connection */ ;
/*!50003 DROP PROCEDURE IF EXISTS `GET_STOCK_BY_TRANID` */;
/*!50003 SET @saved_cs_client      = @@character_set_client */ ;
/*!50003 SET @saved_cs_results     = @@character_set_results */ ;
/*!50003 SET @saved_col_connection = @@collation_connection */ ;
/*!50003 SET character_set_client  = utf8 */ ;
/*!50003 SET character_set_results = utf8 */ ;
/*!50003 SET collation_connection  = utf8_general_ci */ ;
/*!50003 SET @saved_sql_mode       = @@sql_mode */ ;
/*!50003 SET sql_mode              = 'STRICT_TRANS_TABLES,NO_AUTO_CREATE_USER,NO_ENGINE_SUBSTITUTION' */ ;
DELIMITER ;;
CREATE DEFINER=`root`@`localhost` PROCEDURE `GET_STOCK_BY_TRANID`(tranid int(7))
BEGIN
	select * from stock where STOCK_ID=tranid;
END ;;
DELIMITER ;
/*!50003 SET sql_mode              = @saved_sql_mode */ ;
/*!50003 SET character_set_client  = @saved_cs_client */ ;
/*!50003 SET character_set_results = @saved_cs_results */ ;
/*!50003 SET collation_connection  = @saved_col_connection */ ;
/*!50003 DROP PROCEDURE IF EXISTS `GET_STOCK_CHECK_ON_STOCK_STORE_DATE` */;
/*!50003 SET @saved_cs_client      = @@character_set_client */ ;
/*!50003 SET @saved_cs_results     = @@character_set_results */ ;
/*!50003 SET @saved_col_connection = @@collation_connection */ ;
/*!50003 SET character_set_client  = utf8 */ ;
/*!50003 SET character_set_results = utf8 */ ;
/*!50003 SET collation_connection  = utf8_general_ci */ ;
/*!50003 SET @saved_sql_mode       = @@sql_mode */ ;
/*!50003 SET sql_mode              = 'STRICT_TRANS_TABLES,NO_AUTO_CREATE_USER,NO_ENGINE_SUBSTITUTION' */ ;
DELIMITER ;;
CREATE DEFINER=`root`@`localhost` PROCEDURE `GET_STOCK_CHECK_ON_STOCK_STORE_DATE`(STOREID int(3), TILL_DATE DATETIME)
BEGIN
  IF TILL_DATE IS NULL THEN
  	 SELECT ST.STORE_NAME, I.ITEM_ID, I.NAME AS 'ITEM_NAME', SUM(S.QUANTITY) AS 'STOCK' FROM ITEM I
    INNER JOIN STOCK S ON I.ITEM_ID = S.ITEM_ID 
    INNER JOIN STORE ST ON S.STORE_ID = ST.STORE_ID
    WHERE ST.STORE_ID=STOREID 
    GROUP BY ST.STORE_NAME,I.ITEM_ID, I.NAME;
  ELSE
    SELECT ST.STORE_NAME, I.ITEM_ID, I.NAME AS 'ITEM_NAME', SUM(S.QUANTITY) AS 'STOCK' FROM ITEM I
    INNER JOIN STOCK S ON I.ITEM_ID = S.ITEM_ID 
    INNER JOIN STORE ST ON S.STORE_ID = ST.STORE_ID
    WHERE ST.STORE_ID=STOREID AND S.ENTRY_DATE <= TILL_DATE
    GROUP BY ST.STORE_NAME,I.ITEM_ID, I.NAME;
  END IF;
END ;;
DELIMITER ;
/*!50003 SET sql_mode              = @saved_sql_mode */ ;
/*!50003 SET character_set_client  = @saved_cs_client */ ;
/*!50003 SET character_set_results = @saved_cs_results */ ;
/*!50003 SET collation_connection  = @saved_col_connection */ ;
/*!50003 DROP PROCEDURE IF EXISTS `GET_STOCK_TRANSACTIONS` */;
/*!50003 SET @saved_cs_client      = @@character_set_client */ ;
/*!50003 SET @saved_cs_results     = @@character_set_results */ ;
/*!50003 SET @saved_col_connection = @@collation_connection */ ;
/*!50003 SET character_set_client  = utf8 */ ;
/*!50003 SET character_set_results = utf8 */ ;
/*!50003 SET collation_connection  = utf8_general_ci */ ;
/*!50003 SET @saved_sql_mode       = @@sql_mode */ ;
/*!50003 SET sql_mode              = 'STRICT_TRANS_TABLES,NO_AUTO_CREATE_USER,NO_ENGINE_SUBSTITUTION' */ ;
DELIMITER ;;
CREATE DEFINER=`root`@`localhost` PROCEDURE `GET_STOCK_TRANSACTIONS`(STOREID INT(3), ITEMID INT(3), STARTDATE DATETIME, ENDDATE DATETIME, OPERATION CHAR(2))
BEGIN
  IF LENGTH(OPERATION) = 0 THEN 
    SELECT *, I.NAME AS 'ITEM_NAME', S.NAME AS 'SUPPLIER_NAME' 
    FROM STOCK ST  LEFT JOIN ITEM I ON ST.ITEM_ID = I.ITEM_ID LEFT JOIN SUPPLIER S ON ST.SUPPLIER_ID = S.SUPPLIER_ID
  	WHERE ST.STORE_ID=STOREID AND ST.ITEM_ID=ITEMID AND ST.ENTRY_DATE BETWEEN STARTDATE AND ENDDATE -- AND (ST.TO_STORE_ID IS NULL or ST.FROM_STORE_ID IS NULL)
    ORDER BY 1 LIMIT 50;
--  ELSEIF (OPERATION = 'T') THEN
--    SELECT *, I.NAME AS 'ITEM_NAME', S.NAME AS 'SUPPLIER_NAME' 
--    FROM STOCK ST  LEFT JOIN ITEM I ON ST.ITEM_ID = I.ITEM_ID LEFT JOIN SUPPLIER S ON ST.SUPPLIER_ID = S.SUPPLIER_ID
--  	WHERE ST.STORE_ID=STOREID AND ST.ITEM_ID=ITEMID AND ST.ENTRY_DATE BETWEEN STARTDATE AND ENDDATE AND (ST.TO_STORE_ID IS NOT NULL or ST.FROM_STORE_ID IS NOT NULL)
--    ORDER BY 1 LIMIT 50;
  ELSEIF (OPERATION = 'TS') THEN
    SELECT *, I.NAME AS 'ITEM_NAME', S.NAME AS 'SUPPLIER_NAME' 
    FROM STOCK ST  LEFT JOIN ITEM I ON ST.ITEM_ID = I.ITEM_ID LEFT JOIN SUPPLIER S ON ST.SUPPLIER_ID = S.SUPPLIER_ID
  	WHERE ST.STORE_ID=STOREID AND ST.ITEM_ID=ITEMID AND ST.ENTRY_DATE BETWEEN STARTDATE AND ENDDATE AND (ST.TO_STORE_ID IS NOT NULL AND ST.FROM_STORE_ID IS NULL)
    ORDER BY 1 LIMIT 50;
  ELSEIF (OPERATION = 'TR') THEN
    SELECT *, I.NAME AS 'ITEM_NAME', S.NAME AS 'SUPPLIER_NAME' 
    FROM STOCK ST  LEFT JOIN ITEM I ON ST.ITEM_ID = I.ITEM_ID LEFT JOIN SUPPLIER S ON ST.SUPPLIER_ID = S.SUPPLIER_ID
  	WHERE ST.STORE_ID=STOREID AND ST.ITEM_ID=ITEMID AND ST.ENTRY_DATE BETWEEN STARTDATE AND ENDDATE AND (ST.TO_STORE_ID IS NULL AND ST.FROM_STORE_ID IS NOT NULL)
    ORDER BY 1 LIMIT 50;
  ELSE 
    SELECT *, I.NAME AS 'ITEM_NAME', S.NAME AS 'SUPPLIER_NAME' 
    FROM STOCK ST  LEFT JOIN ITEM I ON ST.ITEM_ID = I.ITEM_ID LEFT JOIN SUPPLIER S ON ST.SUPPLIER_ID = S.SUPPLIER_ID
  	WHERE ST.STORE_ID=STOREID AND ST.ITEM_ID=ITEMID AND ST.ENTRY_DATE BETWEEN STARTDATE AND ENDDATE AND ST.OPERATION=OPERATION AND (ST.TO_STORE_ID IS NULL AND ST.FROM_STORE_ID IS NULL)
    ORDER BY 1 LIMIT 50;
  END IF;
END ;;
DELIMITER ;
/*!50003 SET sql_mode              = @saved_sql_mode */ ;
/*!50003 SET character_set_client  = @saved_cs_client */ ;
/*!50003 SET character_set_results = @saved_cs_results */ ;
/*!50003 SET collation_connection  = @saved_col_connection */ ;
/*!50003 DROP PROCEDURE IF EXISTS `GET_STOCK_UPDATE` */;
/*!50003 SET @saved_cs_client      = @@character_set_client */ ;
/*!50003 SET @saved_cs_results     = @@character_set_results */ ;
/*!50003 SET @saved_col_connection = @@collation_connection */ ;
/*!50003 SET character_set_client  = utf8 */ ;
/*!50003 SET character_set_results = utf8 */ ;
/*!50003 SET collation_connection  = utf8_general_ci */ ;
/*!50003 SET @saved_sql_mode       = @@sql_mode */ ;
/*!50003 SET sql_mode              = 'STRICT_TRANS_TABLES,NO_AUTO_CREATE_USER,NO_ENGINE_SUBSTITUTION' */ ;
DELIMITER ;;
CREATE DEFINER=`root`@`localhost` PROCEDURE `GET_STOCK_UPDATE`(IN STOREID int(3))
BEGIN
  SELECT I.ITEM_ID, I.NAME AS 'ITEM_NAME', BALANCE AS 'STOCK', BALANCE_VOLUME FROM ITEM I JOIN STOCKBALANCE S ON I.ITEM_ID = S.ITEM_ID 
  WHERE S.STORE_ID=STOREID;
END ;;
DELIMITER ;
/*!50003 SET sql_mode              = @saved_sql_mode */ ;
/*!50003 SET character_set_client  = @saved_cs_client */ ;
/*!50003 SET character_set_results = @saved_cs_results */ ;
/*!50003 SET collation_connection  = @saved_col_connection */ ;
/*!50003 DROP PROCEDURE IF EXISTS `GET_STOCK_UPDATE_BY_STORE_AND_ITEM_ID` */;
/*!50003 SET @saved_cs_client      = @@character_set_client */ ;
/*!50003 SET @saved_cs_results     = @@character_set_results */ ;
/*!50003 SET @saved_col_connection = @@collation_connection */ ;
/*!50003 SET character_set_client  = utf8 */ ;
/*!50003 SET character_set_results = utf8 */ ;
/*!50003 SET collation_connection  = utf8_general_ci */ ;
/*!50003 SET @saved_sql_mode       = @@sql_mode */ ;
/*!50003 SET sql_mode              = 'STRICT_TRANS_TABLES,NO_AUTO_CREATE_USER,NO_ENGINE_SUBSTITUTION' */ ;
DELIMITER ;;
CREATE DEFINER=`root`@`localhost` PROCEDURE `GET_STOCK_UPDATE_BY_STORE_AND_ITEM_ID`(IN STORE_ID int,IN ITEM_ID int)
BEGIN
SELECT I.ITEM_ID, I.NAME AS 'ITEM_NAME', SUM(S.QUANTITY) AS 'STOCK' FROM ITEM I JOIN STOCK S ON I.ITEM_ID = S.ITEM_ID 
WHERE I.ITEM_ID=ITEM_ID AND S.STORE_ID=STORE_ID
GROUP BY I.ITEM_ID, I.NAME;
END ;;
DELIMITER ;
/*!50003 SET sql_mode              = @saved_sql_mode */ ;
/*!50003 SET character_set_client  = @saved_cs_client */ ;
/*!50003 SET character_set_results = @saved_cs_results */ ;
/*!50003 SET collation_connection  = @saved_col_connection */ ;
/*!50003 DROP PROCEDURE IF EXISTS `GET_STOCK_UPDATE_FOR_STORE_BY_DATE` */;
/*!50003 SET @saved_cs_client      = @@character_set_client */ ;
/*!50003 SET @saved_cs_results     = @@character_set_results */ ;
/*!50003 SET @saved_col_connection = @@collation_connection */ ;
/*!50003 SET character_set_client  = utf8 */ ;
/*!50003 SET character_set_results = utf8 */ ;
/*!50003 SET collation_connection  = utf8_general_ci */ ;
/*!50003 SET @saved_sql_mode       = @@sql_mode */ ;
/*!50003 SET sql_mode              = 'STRICT_TRANS_TABLES,NO_AUTO_CREATE_USER,NO_ENGINE_SUBSTITUTION' */ ;
DELIMITER ;;
CREATE DEFINER=`root`@`localhost` PROCEDURE `GET_STOCK_UPDATE_FOR_STORE_BY_DATE`(STOREID int(3), TILL_DATE DATETIME)
BEGIN
    SELECT I.ITEM_ID, S.OPERATION, I.NAME AS 'ITEM_NAME', SUM(S.QUANTITY) AS 'STOCK', SUM(S.VOLUME) AS 'VOLUME' FROM ITEM I
    INNER JOIN STOCK S ON I.ITEM_ID = S.ITEM_ID 
    INNER JOIN STORE ST ON S.STORE_ID = ST.STORE_ID
    WHERE ST.STORE_ID=STOREID AND S.ENTRY_DATE <= TILL_DATE
    GROUP BY I.ITEM_ID, I.NAME, S.OPERATION;
END ;;
DELIMITER ;
/*!50003 SET sql_mode              = @saved_sql_mode */ ;
/*!50003 SET character_set_client  = @saved_cs_client */ ;
/*!50003 SET character_set_results = @saved_cs_results */ ;
/*!50003 SET collation_connection  = @saved_col_connection */ ;
/*!50003 DROP PROCEDURE IF EXISTS `GET_TRANSFERS_FROM_STORE` */;
/*!50003 SET @saved_cs_client      = @@character_set_client */ ;
/*!50003 SET @saved_cs_results     = @@character_set_results */ ;
/*!50003 SET @saved_col_connection = @@collation_connection */ ;
/*!50003 SET character_set_client  = utf8 */ ;
/*!50003 SET character_set_results = utf8 */ ;
/*!50003 SET collation_connection  = utf8_general_ci */ ;
/*!50003 SET @saved_sql_mode       = @@sql_mode */ ;
/*!50003 SET sql_mode              = 'STRICT_TRANS_TABLES,NO_AUTO_CREATE_USER,NO_ENGINE_SUBSTITUTION' */ ;
DELIMITER ;;
CREATE DEFINER=`root`@`localhost` PROCEDURE `GET_TRANSFERS_FROM_STORE`(STOREID int(3), FROM_DATE DATETIME, TILL_DATE DATETIME)
BEGIN
  SELECT STR.STORE_NAME, I.NAME, S.OPERATION, S.QUANTITY, S.VOLUME, S.REMARKS, S.ENTRY_DATE, S.MODIFY_DATE FROM STOCK S 
  INNER JOIN ITEM I ON S.ITEM_ID = I.ITEM_ID 
  INNER JOIN STORE STR ON S.TO_STORE_ID = STR.STORE_ID
  WHERE TO_STORE_ID IS NOT NULL
  AND S.STORE_ID = STOREID
  AND S.ENTRY_DATE BETWEEN FROM_DATE AND TILL_DATE;
END ;;
DELIMITER ;
/*!50003 SET sql_mode              = @saved_sql_mode */ ;
/*!50003 SET character_set_client  = @saved_cs_client */ ;
/*!50003 SET character_set_results = @saved_cs_results */ ;
/*!50003 SET collation_connection  = @saved_col_connection */ ;
/*!50003 DROP PROCEDURE IF EXISTS `GET_USER` */;
/*!50003 SET @saved_cs_client      = @@character_set_client */ ;
/*!50003 SET @saved_cs_results     = @@character_set_results */ ;
/*!50003 SET @saved_col_connection = @@collation_connection */ ;
/*!50003 SET character_set_client  = utf8 */ ;
/*!50003 SET character_set_results = utf8 */ ;
/*!50003 SET collation_connection  = utf8_general_ci */ ;
/*!50003 SET @saved_sql_mode       = @@sql_mode */ ;
/*!50003 SET sql_mode              = 'STRICT_TRANS_TABLES,NO_AUTO_CREATE_USER,NO_ENGINE_SUBSTITUTION' */ ;
DELIMITER ;;
CREATE DEFINER=`root`@`localhost` PROCEDURE `GET_USER`(USERNAME VARCHAR(15))
BEGIN
	-- SELECT U.*, E.ACTIVE, E.ROLE_ID, S.STORE_ID FROM USER U join employee E on U.EMP_ID = E.EMP_ID WHERE U.USER_NAME = USERNAME;
  SELECT U.*, E.ACTIVE, E.ROLE_ID, S.STORE_ID FROM USER U join employee E on U.EMP_ID = E.EMP_ID 
  LEFT join Store S ON E.EMP_ID = S.EMP_ID 
  WHERE U.USER_NAME = USERNAME
  ORDER by U.emp_id;
END ;;
DELIMITER ;
/*!50003 SET sql_mode              = @saved_sql_mode */ ;
/*!50003 SET character_set_client  = @saved_cs_client */ ;
/*!50003 SET character_set_results = @saved_cs_results */ ;
/*!50003 SET collation_connection  = @saved_col_connection */ ;
/*!50003 DROP PROCEDURE IF EXISTS `INSERT_STOCK` */;
/*!50003 SET @saved_cs_client      = @@character_set_client */ ;
/*!50003 SET @saved_cs_results     = @@character_set_results */ ;
/*!50003 SET @saved_col_connection = @@collation_connection */ ;
/*!50003 SET character_set_client  = utf8 */ ;
/*!50003 SET character_set_results = utf8 */ ;
/*!50003 SET collation_connection  = utf8_general_ci */ ;
/*!50003 SET @saved_sql_mode       = @@sql_mode */ ;
/*!50003 SET sql_mode              = 'STRICT_TRANS_TABLES,NO_AUTO_CREATE_USER,NO_ENGINE_SUBSTITUTION' */ ;
DELIMITER ;;
CREATE DEFINER=`root`@`localhost` PROCEDURE `INSERT_STOCK`(
STORE_ID int(4),
ITEM_ID int(3),
EMP_ID int(10),
OPERATION char,
QUANTITY int(11),
VOLUME int(11),
SUPPLIER_ID int(11), 
DRIVER_MOBILE varchar(10),
VEHICLE_REG_NUM varchar(10),
REMARKS varchar(150),
ENTRY_DATE datetime,
TO_STORE_ID int(4),
FROM_STORE_ID int(4)
)
BEGIN
	INSERT INTO pyramid_schema.stock
  (STORE_ID, ITEM_ID, EMP_ID, OPERATION, QUANTITY, VOLUME, SUPPLIER_ID, DRIVER_MOBILE, VEHICLE_REG_NUM, REMARKS, ENTRY_DATE, TO_STORE_ID, FROM_STORE_ID) 
  VALUES 
  (STORE_ID, ITEM_ID, EMP_ID, OPERATION, QUANTITY, VOLUME, SUPPLIER_ID, DRIVER_MOBILE, VEHICLE_REG_NUM, REMARKS, ENTRY_DATE, TO_STORE_ID, FROM_STORE_ID);
END ;;
DELIMITER ;
/*!50003 SET sql_mode              = @saved_sql_mode */ ;
/*!50003 SET character_set_client  = @saved_cs_client */ ;
/*!50003 SET character_set_results = @saved_cs_results */ ;
/*!50003 SET collation_connection  = @saved_col_connection */ ;
/*!50003 DROP PROCEDURE IF EXISTS `SESSION_CLEANER` */;
/*!50003 SET @saved_cs_client      = @@character_set_client */ ;
/*!50003 SET @saved_cs_results     = @@character_set_results */ ;
/*!50003 SET @saved_col_connection = @@collation_connection */ ;
/*!50003 SET character_set_client  = utf8 */ ;
/*!50003 SET character_set_results = utf8 */ ;
/*!50003 SET collation_connection  = utf8_general_ci */ ;
/*!50003 SET @saved_sql_mode       = @@sql_mode */ ;
/*!50003 SET sql_mode              = 'STRICT_TRANS_TABLES,NO_AUTO_CREATE_USER,NO_ENGINE_SUBSTITUTION' */ ;
DELIMITER ;;
CREATE DEFINER=`root`@`localhost` PROCEDURE `SESSION_CLEANER`(IN TIME_INTERVAL int)
BEGIN
	UPDATE sessionmap
  SET ACTIVE=2,
  LOGGED_OUT=NOW()
  where timestampdiff(MINUTE, LAST_ACCESSED, NOW()) > TIME_INTERVAL and LOGGED_OUT is null;
END ;;
DELIMITER ;
/*!50003 SET sql_mode              = @saved_sql_mode */ ;
/*!50003 SET character_set_client  = @saved_cs_client */ ;
/*!50003 SET character_set_results = @saved_cs_results */ ;
/*!50003 SET collation_connection  = @saved_col_connection */ ;
/*!50003 DROP PROCEDURE IF EXISTS `STOCK_CHECK_ON_STOCK` */;
/*!50003 SET @saved_cs_client      = @@character_set_client */ ;
/*!50003 SET @saved_cs_results     = @@character_set_results */ ;
/*!50003 SET @saved_col_connection = @@collation_connection */ ;
/*!50003 SET character_set_client  = utf8 */ ;
/*!50003 SET character_set_results = utf8 */ ;
/*!50003 SET collation_connection  = utf8_general_ci */ ;
/*!50003 SET @saved_sql_mode       = @@sql_mode */ ;
/*!50003 SET sql_mode              = 'STRICT_TRANS_TABLES,NO_AUTO_CREATE_USER,NO_ENGINE_SUBSTITUTION' */ ;
DELIMITER ;;
CREATE DEFINER=`root`@`localhost` PROCEDURE `STOCK_CHECK_ON_STOCK`(IN STOREID int(3))
BEGIN
  IF STOREID = 0 THEN
  	SELECT ST.STORE_NAME, I.ITEM_ID, I.NAME AS 'ITEM_NAME', SUM(S.QUANTITY) AS 'STOCK' FROM ITEM I
    INNER JOIN STOCK S ON I.ITEM_ID = S.ITEM_ID 
    INNER JOIN STORE ST ON S.STORE_ID = ST.STORE_ID
    GROUP BY ST.STORE_NAME,I.ITEM_ID, I.NAME;
  ELSE
    SELECT ST.STORE_NAME, I.ITEM_ID, I.NAME AS 'ITEM_NAME', SUM(S.QUANTITY) AS 'STOCK' FROM ITEM I
    INNER JOIN STOCK S ON I.ITEM_ID = S.ITEM_ID 
    INNER JOIN STORE ST ON S.STORE_ID = ST.STORE_ID
    WHERE ST.STORE_ID=STOREID
    GROUP BY ST.STORE_NAME,I.ITEM_ID, I.NAME;
  END IF;
END ;;
DELIMITER ;
/*!50003 SET sql_mode              = @saved_sql_mode */ ;
/*!50003 SET character_set_client  = @saved_cs_client */ ;
/*!50003 SET character_set_results = @saved_cs_results */ ;
/*!50003 SET collation_connection  = @saved_col_connection */ ;
/*!50003 DROP PROCEDURE IF EXISTS `UPDATE_PERMISSION` */;
/*!50003 SET @saved_cs_client      = @@character_set_client */ ;
/*!50003 SET @saved_cs_results     = @@character_set_results */ ;
/*!50003 SET @saved_col_connection = @@collation_connection */ ;
/*!50003 SET character_set_client  = utf8 */ ;
/*!50003 SET character_set_results = utf8 */ ;
/*!50003 SET collation_connection  = utf8_general_ci */ ;
/*!50003 SET @saved_sql_mode       = @@sql_mode */ ;
/*!50003 SET sql_mode              = 'STRICT_TRANS_TABLES,NO_AUTO_CREATE_USER,NO_ENGINE_SUBSTITUTION' */ ;
DELIMITER ;;
CREATE DEFINER=`root`@`localhost` PROCEDURE `UPDATE_PERMISSION`(IN ROLEID int(3), IN MENUID int(3), ENABLE tinyint(1))
BEGIN
  IF ENABLE = 0 THEN
  	DELETE FROM PERMISSION WHERE ROLE_ID=ROLEID AND MENU_ID=MENUID;
  ELSE
    INSERT INTO PERMISSION (ROLE_ID, MENU_ID) VALUES (ROLEID, MENUID);
  END IF;
END ;;
DELIMITER ;
/*!50003 SET sql_mode              = @saved_sql_mode */ ;
/*!50003 SET character_set_client  = @saved_cs_client */ ;
/*!50003 SET character_set_results = @saved_cs_results */ ;
/*!50003 SET collation_connection  = @saved_col_connection */ ;
/*!50003 DROP PROCEDURE IF EXISTS `UPDATE_STOCK` */;
/*!50003 SET @saved_cs_client      = @@character_set_client */ ;
/*!50003 SET @saved_cs_results     = @@character_set_results */ ;
/*!50003 SET @saved_col_connection = @@collation_connection */ ;
/*!50003 SET character_set_client  = utf8 */ ;
/*!50003 SET character_set_results = utf8 */ ;
/*!50003 SET collation_connection  = utf8_general_ci */ ;
/*!50003 SET @saved_sql_mode       = @@sql_mode */ ;
/*!50003 SET sql_mode              = 'STRICT_TRANS_TABLES,NO_AUTO_CREATE_USER,NO_ENGINE_SUBSTITUTION' */ ;
DELIMITER ;;
CREATE DEFINER=`root`@`localhost` PROCEDURE `UPDATE_STOCK`(
STOCKID int(10),
STORE_ID int(4),
ITEM_ID int(3),
EMP_ID int(10),
OPERATION char,
QUANTITY int(11),
VOLUME int(11),
SUPPLIER_ID int(11), 
DRIVER_MOBILE varchar(10),
VEHICLE_REG_NUM varchar(10),
REMARKS varchar(150),
ENTRY_DATE datetime,
MODIFY_DATE datetime,
TO_STORE_ID int(4),
FROM_STORE_ID int(4)
)
BEGIN
	UPDATE pyramid_schema.stock
  SET STORE_ID = STORE_ID , 
      ITEM_ID = ITEM_ID, 
      EMP_ID = EMP_ID, 
      OPERATION = OPERATION, 
      QUANTITY = QUANTITY, 
      VOLUME = VOLUME, 
      SUPPLIER_ID = SUPPLIER_ID, 
      DRIVER_MOBILE = DRIVER_MOBILE, 
      VEHICLE_REG_NUM = VEHICLE_REG_NUM, 
      REMARKS = REMARKS, 
      ENTRY_DATE = ENTRY_DATE,
      MODIFY_DATE = MODIFY_DATE,
      TO_STORE_ID = TO_STORE_ID,
      FROM_STORE_ID = FROM_STORE_ID
      WHERE STOCK_ID = STOCKID;
END ;;
DELIMITER ;
/*!50003 SET sql_mode              = @saved_sql_mode */ ;
/*!50003 SET character_set_client  = @saved_cs_client */ ;
/*!50003 SET character_set_results = @saved_cs_results */ ;
/*!50003 SET collation_connection  = @saved_col_connection */ ;
/*!40103 SET TIME_ZONE=@OLD_TIME_ZONE */;

/*!40101 SET SQL_MODE=@OLD_SQL_MODE */;
/*!40014 SET FOREIGN_KEY_CHECKS=@OLD_FOREIGN_KEY_CHECKS */;
/*!40014 SET UNIQUE_CHECKS=@OLD_UNIQUE_CHECKS */;
/*!40101 SET CHARACTER_SET_CLIENT=@OLD_CHARACTER_SET_CLIENT */;
/*!40101 SET CHARACTER_SET_RESULTS=@OLD_CHARACTER_SET_RESULTS */;
/*!40101 SET COLLATION_CONNECTION=@OLD_COLLATION_CONNECTION */;
/*!40111 SET SQL_NOTES=@OLD_SQL_NOTES */;

-- Dump completed on 2016-11-19 11:25:50
